--------------------------------------------------------
--  File created - Chủ Nhật-tháng 10-27-2024   
--------------------------------------------------------
REM INSERTING into QLST.CATEGORIES
SET DEFINE OFF;
Insert into QLST.CATEGORIES (CATEGORYID,CATEGORYTITLE,DESCRIPTION) values ('CA01','Thực phẩm tươi','Thịt, cá, rau, củ, quả,...');
Insert into QLST.CATEGORIES (CATEGORYID,CATEGORYTITLE,DESCRIPTION) values ('CA02','Thực phẩm khô','Bánh, kẹo, mì, lương khô,...');
Insert into QLST.CATEGORIES (CATEGORYID,CATEGORYTITLE,DESCRIPTION) values ('CA03','Đồ uống','Nước ngọt, sữa,...');
Insert into QLST.CATEGORIES (CATEGORYID,CATEGORYTITLE,DESCRIPTION) values ('CA04','Đồ gia dụng','Nồi niêu xoong chảo');
Insert into QLST.CATEGORIES (CATEGORYID,CATEGORYTITLE,DESCRIPTION) values ('CA05','Đồ điện tử','Điện thoại, máy tính bảng, laptop,...');
Insert into QLST.CATEGORIES (CATEGORYID,CATEGORYTITLE,DESCRIPTION) values ('CA06','Hóa mỹ phẩm','Son, phấn, sữa rửa mặt, nước tẩy trang,...');
Insert into QLST.CATEGORIES (CATEGORYID,CATEGORYTITLE,DESCRIPTION) values ('CA07','Đồ dùng cá nhân','Khăn mặt, bàn chải đánh răng,...');
Insert into QLST.CATEGORIES (CATEGORYID,CATEGORYTITLE,DESCRIPTION) values ('CA08','Quần áo','Các loại quần áo');
Insert into QLST.CATEGORIES (CATEGORYID,CATEGORYTITLE,DESCRIPTION) values ('CA09','Đồ chơi trẻ em','Các loại đồ chơi');


REM INSERTING into QLST.JOBS
SET DEFINE OFF;
Insert into QLST.JOBS (JOBID,JOBNAME,SHIFTSALARY,DESCRIPTION) values ('J01','Nhân viên bán hàng',250000,null);
Insert into QLST.JOBS (JOBID,JOBNAME,SHIFTSALARY,DESCRIPTION) values ('J02','Nhân viên bán kho',260000,null);
Insert into QLST.JOBS (JOBID,JOBNAME,SHIFTSALARY,DESCRIPTION) values ('J03','Nhân viên tạp vụ',190000,null);
Insert into QLST.JOBS (JOBID,JOBNAME,SHIFTSALARY,DESCRIPTION) values ('J04','Nhân viên bảo vệ',200000,null);
Insert into QLST.JOBS (JOBID,JOBNAME,SHIFTSALARY,DESCRIPTION) values ('J05','Quản lý',300000,null);


REM INSERTING into QLST.STAFFS
SET DEFINE OFF;
Insert into QLST.STAFFS (STAFFID,STAFFNAME,DATEOFBIRTH,PHONENUMBER,EMAIL,STARTDATE,ENDDATE,ADDRESS,SALARYINCREMENT) values ('ST01','Đặng Quốc Nam',to_date('19-NOV-03','DD-MON-RR'),'0868516858','dangquocnam1119@gmail.com',to_date('01-JAN-24','DD-MON-RR'),null,'Hà Nội',10);
Insert into QLST.STAFFS (STAFFID,STAFFNAME,DATEOFBIRTH,PHONENUMBER,EMAIL,STARTDATE,ENDDATE,ADDRESS,SALARYINCREMENT) values ('ST02','Nguyễn Văn Hoàn',to_date('08-FEB-04','DD-MON-RR'),'0973379333','hoan123@gmail.com',to_date('02-MAR-24','DD-MON-RR'),null,'Hà Nội',null);
Insert into QLST.STAFFS (STAFFID,STAFFNAME,DATEOFBIRTH,PHONENUMBER,EMAIL,STARTDATE,ENDDATE,ADDRESS,SALARYINCREMENT) values ('ST03','Ngô Văn Quang',to_date('09-APR-04','DD-MON-RR'),'0868456789','quangngo@gmail.com',to_date('03-MAY-24','DD-MON-RR'),null,'Bắc Ninh',null);
Insert into QLST.STAFFS (STAFFID,STAFFNAME,DATEOFBIRTH,PHONENUMBER,EMAIL,STARTDATE,ENDDATE,ADDRESS,SALARYINCREMENT) values ('ST04','Phạm Hoàng Việt',to_date('03-JUN-04','DD-MON-RR'),'0384812345','viethoang@gmail.com',to_date('04-JUL-24','DD-MON-RR'),null,'Hà Nội',null);
Insert into QLST.STAFFS (STAFFID,STAFFNAME,DATEOFBIRTH,PHONENUMBER,EMAIL,STARTDATE,ENDDATE,ADDRESS,SALARYINCREMENT) values ('ST05','Nguyễn Đắc Anh',to_date('12-MAY-04','DD-MON-RR'),'0998234789','dacanh@gmail.com',to_date('05-MAR-24','DD-MON-RR'),null,'Hà Tĩnh',null);


REM INSERTING into QLST.SUPPLIERS
SET DEFINE OFF;
Insert into QLST.SUPPLIERS (SUPPLIERID,SUPPLIERNAME,PHONENUMBER,EMAIL,ADDRESS,NOTE) values ('SU01','Nhà cung cấp A','0123-456-789','nccA@gmail.com','Hà Nội','Nhà cung cấp chính cho đồ uống');
Insert into QLST.SUPPLIERS (SUPPLIERID,SUPPLIERNAME,PHONENUMBER,EMAIL,ADDRESS,NOTE) values ('SU02','Nhà cung cấp B','0234-567-890','nccB@gmail.com','Đà Lạt','Nhà cung cấp chính cho bánh kẹo');
Insert into QLST.SUPPLIERS (SUPPLIERID,SUPPLIERNAME,PHONENUMBER,EMAIL,ADDRESS,NOTE) values ('SU03','Nhà cung cấp C','0345-678-901','nccC@gmail.com','Bắc Ninh','Nhà cung cấp chính cho sữa');
Insert into QLST.SUPPLIERS (SUPPLIERID,SUPPLIERNAME,PHONENUMBER,EMAIL,ADDRESS,NOTE) values ('SU04','Nhà cung cấp D','0456-789-012','nccD@gmail.com','Hà Nội','Nhà cung cấp chính cho rau củ');
Insert into QLST.SUPPLIERS (SUPPLIERID,SUPPLIERNAME,PHONENUMBER,EMAIL,ADDRESS,NOTE) values ('SU05','Nhà cung cấp E','0567-890-123','nccE@gmail.com','Bắc Ninh','Nhà cung cấp chính cho bánh mì');
Insert into QLST.SUPPLIERS (SUPPLIERID,SUPPLIERNAME,PHONENUMBER,EMAIL,ADDRESS,NOTE) values ('SU06','Nhà cung cấp F','0678-901-234','nccF@gmail.com','Vĩnh Phúc','Nhà cung cấp chính cho đồ chơi');
Insert into QLST.SUPPLIERS (SUPPLIERID,SUPPLIERNAME,PHONENUMBER,EMAIL,ADDRESS,NOTE) values ('SU07','Nhà cung cấp G','0789-012-345','nccG@gmail.com','Quảng Ninh','Nhà cung cấp chính cho thực phẩm tươi');
Insert into QLST.SUPPLIERS (SUPPLIERID,SUPPLIERNAME,PHONENUMBER,EMAIL,ADDRESS,NOTE) values ('SU08','Nhà cung cấp H','0890-123-456','nccH@gmail.com','Hà Nội','Nhà cung cấp chính cho đồ điện tử');


REM INSERTING into QLST.USERS
SET DEFINE OFF;
Insert into QLST.USERS (USERID,USERNAME,PASSWORD,ROLE,EMAIL,LASTLOGIN) values ('U001','ngovanquang','abc123','User','ngovanquang@gmail.com',to_date('26-OCT-24','DD-MON-RR'));
Insert into QLST.USERS (USERID,USERNAME,PASSWORD,ROLE,EMAIL,LASTLOGIN) values ('U002','ngovannam','abc123','User','ngovannam@gmail.com',to_date('26-OCT-24','DD-MON-RR'));
Insert into QLST.USERS (USERID,USERNAME,PASSWORD,ROLE,EMAIL,LASTLOGIN) values ('U003','quocnam2003','abc123','Admin','quocnam2003@gmail.com',to_date('25-OCT-24','DD-MON-RR'));
Insert into QLST.USERS (USERID,USERNAME,PASSWORD,ROLE,EMAIL,LASTLOGIN) values ('U004','namdang','abc123','Admin','namdang@gmail.com',to_date('17-OCT-24','DD-MON-RR'));
Insert into QLST.USERS (USERID,USERNAME,PASSWORD,ROLE,EMAIL,LASTLOGIN) values ('U005','vanhoan04','abc123','User','vanhoan04@gmail.com',to_date('26-OCT-24','DD-MON-RR'));
Insert into QLST.USERS (USERID,USERNAME,PASSWORD,ROLE,EMAIL,LASTLOGIN) values ('U006','viethoang','abc123','User','viethoang@gmail.com',to_date('01-OCT-24','DD-MON-RR'));


REM INSERTING into QLST.ATTENDANCES
SET DEFINE OFF;
Insert into QLST.ATTENDANCES (ATTENDANCEID,STAFFID,SHIFT,SHIFTDATE) values ('A001','ST01','Sáng',to_date('01-OCT-24','DD-MON-RR'));
Insert into QLST.ATTENDANCES (ATTENDANCEID,STAFFID,SHIFT,SHIFTDATE) values ('A002','ST02','Chiều',to_date('02-OCT-24','DD-MON-RR'));
Insert into QLST.ATTENDANCES (ATTENDANCEID,STAFFID,SHIFT,SHIFTDATE) values ('A003','ST03','Chiều',to_date('03-OCT-24','DD-MON-RR'));
Insert into QLST.ATTENDANCES (ATTENDANCEID,STAFFID,SHIFT,SHIFTDATE) values ('A004','ST04','Sáng',to_date('04-OCT-24','DD-MON-RR'));
Insert into QLST.ATTENDANCES (ATTENDANCEID,STAFFID,SHIFT,SHIFTDATE) values ('A005','ST05','Chiều',to_date('05-OCT-24','DD-MON-RR'));
Insert into QLST.ATTENDANCES (ATTENDANCEID,STAFFID,SHIFT,SHIFTDATE) values ('A006','ST01','Chiều',to_date('06-OCT-24','DD-MON-RR'));
Insert into QLST.ATTENDANCES (ATTENDANCEID,STAFFID,SHIFT,SHIFTDATE) values ('A007','ST02','Sáng',to_date('07-OCT-24','DD-MON-RR'));
Insert into QLST.ATTENDANCES (ATTENDANCEID,STAFFID,SHIFT,SHIFTDATE) values ('A008','ST03','Chiều',to_date('08-OCT-24','DD-MON-RR'));
Insert into QLST.ATTENDANCES (ATTENDANCEID,STAFFID,SHIFT,SHIFTDATE) values ('A009','ST04','Chiều',to_date('09-OCT-24','DD-MON-RR'));
Insert into QLST.ATTENDANCES (ATTENDANCEID,STAFFID,SHIFT,SHIFTDATE) values ('A010','ST05','Sáng',to_date('10-OCT-24','DD-MON-RR'));
Insert into QLST.ATTENDANCES (ATTENDANCEID,STAFFID,SHIFT,SHIFTDATE) values ('A011','ST01','Chiều',to_date('11-OCT-24','DD-MON-RR'));
Insert into QLST.ATTENDANCES (ATTENDANCEID,STAFFID,SHIFT,SHIFTDATE) values ('A012','ST02','Chiều',to_date('12-OCT-24','DD-MON-RR'));
Insert into QLST.ATTENDANCES (ATTENDANCEID,STAFFID,SHIFT,SHIFTDATE) values ('A013','ST03','Sáng',to_date('13-OCT-24','DD-MON-RR'));
Insert into QLST.ATTENDANCES (ATTENDANCEID,STAFFID,SHIFT,SHIFTDATE) values ('A014','ST04','Chiều',to_date('14-OCT-24','DD-MON-RR'));
Insert into QLST.ATTENDANCES (ATTENDANCEID,STAFFID,SHIFT,SHIFTDATE) values ('A015','ST05','Chiều',to_date('15-OCT-24','DD-MON-RR'));
Insert into QLST.ATTENDANCES (ATTENDANCEID,STAFFID,SHIFT,SHIFTDATE) values ('A016','ST01','Sáng',to_date('16-OCT-24','DD-MON-RR'));
Insert into QLST.ATTENDANCES (ATTENDANCEID,STAFFID,SHIFT,SHIFTDATE) values ('A017','ST02','Chiều',to_date('17-OCT-24','DD-MON-RR'));
Insert into QLST.ATTENDANCES (ATTENDANCEID,STAFFID,SHIFT,SHIFTDATE) values ('A018','ST03','Sáng',to_date('18-OCT-24','DD-MON-RR'));
Insert into QLST.ATTENDANCES (ATTENDANCEID,STAFFID,SHIFT,SHIFTDATE) values ('A019','ST04','Sáng',to_date('19-OCT-24','DD-MON-RR'));
Insert into QLST.ATTENDANCES (ATTENDANCEID,STAFFID,SHIFT,SHIFTDATE) values ('A020','ST05','Chiều',to_date('20-OCT-24','DD-MON-RR'));
Insert into QLST.ATTENDANCES (ATTENDANCEID,STAFFID,SHIFT,SHIFTDATE) values ('A021','ST01','Chiều',to_date('21-OCT-24','DD-MON-RR'));
Insert into QLST.ATTENDANCES (ATTENDANCEID,STAFFID,SHIFT,SHIFTDATE) values ('A022','ST02','Chiều',to_date('22-OCT-24','DD-MON-RR'));
Insert into QLST.ATTENDANCES (ATTENDANCEID,STAFFID,SHIFT,SHIFTDATE) values ('A023','ST03','Chiều',to_date('23-OCT-24','DD-MON-RR'));
Insert into QLST.ATTENDANCES (ATTENDANCEID,STAFFID,SHIFT,SHIFTDATE) values ('A024','ST04','Sáng',to_date('24-OCT-24','DD-MON-RR'));
Insert into QLST.ATTENDANCES (ATTENDANCEID,STAFFID,SHIFT,SHIFTDATE) values ('A025','ST05','Sáng',to_date('25-OCT-24','DD-MON-RR'));
Insert into QLST.ATTENDANCES (ATTENDANCEID,STAFFID,SHIFT,SHIFTDATE) values ('A026','ST01','Chiều',to_date('26-OCT-24','DD-MON-RR'));
Insert into QLST.ATTENDANCES (ATTENDANCEID,STAFFID,SHIFT,SHIFTDATE) values ('A027','ST02','Chiều',to_date('27-OCT-24','DD-MON-RR'));
Insert into QLST.ATTENDANCES (ATTENDANCEID,STAFFID,SHIFT,SHIFTDATE) values ('A028','ST03','Sáng',to_date('28-OCT-24','DD-MON-RR'));
Insert into QLST.ATTENDANCES (ATTENDANCEID,STAFFID,SHIFT,SHIFTDATE) values ('A029','ST04','Chiều',to_date('29-OCT-24','DD-MON-RR'));
Insert into QLST.ATTENDANCES (ATTENDANCEID,STAFFID,SHIFT,SHIFTDATE) values ('A030','ST05','Chiều',to_date('30-OCT-24','DD-MON-RR'));
Insert into QLST.ATTENDANCES (ATTENDANCEID,STAFFID,SHIFT,SHIFTDATE) values ('A031','ST01','Sáng',to_date('01-NOV-24','DD-MON-RR'));
Insert into QLST.ATTENDANCES (ATTENDANCEID,STAFFID,SHIFT,SHIFTDATE) values ('A032','ST02','Chiều',to_date('02-NOV-24','DD-MON-RR'));
Insert into QLST.ATTENDANCES (ATTENDANCEID,STAFFID,SHIFT,SHIFTDATE) values ('A033','ST03','Chiều',to_date('03-NOV-24','DD-MON-RR'));
Insert into QLST.ATTENDANCES (ATTENDANCEID,STAFFID,SHIFT,SHIFTDATE) values ('A034','ST04','Chiều',to_date('04-NOV-24','DD-MON-RR'));
Insert into QLST.ATTENDANCES (ATTENDANCEID,STAFFID,SHIFT,SHIFTDATE) values ('A035','ST05','Chiều',to_date('05-NOV-24','DD-MON-RR'));
Insert into QLST.ATTENDANCES (ATTENDANCEID,STAFFID,SHIFT,SHIFTDATE) values ('A036','ST01','Sáng',to_date('06-NOV-24','DD-MON-RR'));
Insert into QLST.ATTENDANCES (ATTENDANCEID,STAFFID,SHIFT,SHIFTDATE) values ('A037','ST02','Sáng',to_date('07-NOV-24','DD-MON-RR'));
Insert into QLST.ATTENDANCES (ATTENDANCEID,STAFFID,SHIFT,SHIFTDATE) values ('A038','ST03','Chiều',to_date('08-NOV-24','DD-MON-RR'));
Insert into QLST.ATTENDANCES (ATTENDANCEID,STAFFID,SHIFT,SHIFTDATE) values ('A039','ST04','Chiều',to_date('09-NOV-24','DD-MON-RR'));
Insert into QLST.ATTENDANCES (ATTENDANCEID,STAFFID,SHIFT,SHIFTDATE) values ('A040','ST05','Sáng',to_date('10-NOV-24','DD-MON-RR'));


REM INSERTING into QLST.PRODUCTS
SET DEFINE OFF;
Insert into QLST.PRODUCTS (PRODUCTID,PRODUCTNAME,DESCRIPTION,STOCKQUANTITY,CATEGORYID,SUPPLIERID,PRODUCTIONDATE,EXPIRATIONDATE) values ('PR01','Coca Cola','Nước ngọt có ga',100,'CA03','SU01',to_date('01-JAN-24','DD-MON-RR'),to_date('01-JAN-25','DD-MON-RR'));
Insert into QLST.PRODUCTS (PRODUCTID,PRODUCTNAME,DESCRIPTION,STOCKQUANTITY,CATEGORYID,SUPPLIERID,PRODUCTIONDATE,EXPIRATIONDATE) values ('PR02','Pepsi','Nước ngọt có ga',100,'CA03','SU01',to_date('01-JAN-24','DD-MON-RR'),to_date('01-JAN-25','DD-MON-RR'));
Insert into QLST.PRODUCTS (PRODUCTID,PRODUCTNAME,DESCRIPTION,STOCKQUANTITY,CATEGORYID,SUPPLIERID,PRODUCTIONDATE,EXPIRATIONDATE) values ('PR03','Lays','Khoai tây chiên',200,'CA02','SU02',to_date('01-FEB-24','DD-MON-RR'),to_date('01-FEB-25','DD-MON-RR'));
Insert into QLST.PRODUCTS (PRODUCTID,PRODUCTNAME,DESCRIPTION,STOCKQUANTITY,CATEGORYID,SUPPLIERID,PRODUCTIONDATE,EXPIRATIONDATE) values ('PR04','Pringles','Khoai tây chiên',200,'CA02','SU02',to_date('01-FEB-24','DD-MON-RR'),to_date('01-FEB-25','DD-MON-RR'));
Insert into QLST.PRODUCTS (PRODUCTID,PRODUCTNAME,DESCRIPTION,STOCKQUANTITY,CATEGORYID,SUPPLIERID,PRODUCTIONDATE,EXPIRATIONDATE) values ('PR05','Sưa Vinamilk','Sữa tươi tiệt trùng',150,'CA03','SU03',to_date('01-MAR-24','DD-MON-RR'),to_date('01-MAR-25','DD-MON-RR'));
Insert into QLST.PRODUCTS (PRODUCTID,PRODUCTNAME,DESCRIPTION,STOCKQUANTITY,CATEGORYID,SUPPLIERID,PRODUCTIONDATE,EXPIRATIONDATE) values ('PR06','Phô mai Con Bò Cười','Phô mai',150,'CA02','SU03',to_date('01-MAR-24','DD-MON-RR'),to_date('01-MAR-25','DD-MON-RR'));
Insert into QLST.PRODUCTS (PRODUCTID,PRODUCTNAME,DESCRIPTION,STOCKQUANTITY,CATEGORYID,SUPPLIERID,PRODUCTIONDATE,EXPIRATIONDATE) values ('PR07','Táo đỏ','Trái cây tươi',300,'CA01','SU04',to_date('01-APR-24','DD-MON-RR'),to_date('01-OCT-24','DD-MON-RR'));
Insert into QLST.PRODUCTS (PRODUCTID,PRODUCTNAME,DESCRIPTION,STOCKQUANTITY,CATEGORYID,SUPPLIERID,PRODUCTIONDATE,EXPIRATIONDATE) values ('PR08','Chuối','Trái cây tươi',300,'CA01','SU04',to_date('01-APR-24','DD-MON-RR'),to_date('01-OCT-24','DD-MON-RR'));
Insert into QLST.PRODUCTS (PRODUCTID,PRODUCTNAME,DESCRIPTION,STOCKQUANTITY,CATEGORYID,SUPPLIERID,PRODUCTIONDATE,EXPIRATIONDATE) values ('PR09','Bánh mì nguyên cám','Bánh mì',100,'CA02','SU05',to_date('01-MAY-24','DD-MON-RR'),to_date('01-JUL-24','DD-MON-RR'));
Insert into QLST.PRODUCTS (PRODUCTID,PRODUCTNAME,DESCRIPTION,STOCKQUANTITY,CATEGORYID,SUPPLIERID,PRODUCTIONDATE,EXPIRATIONDATE) values ('PR10','Bánh Croissant','Bánh ngọt',100,'CA02','SU05',to_date('01-MAY-24','DD-MON-RR'),to_date('01-JUL-24','DD-MON-RR'));
Insert into QLST.PRODUCTS (PRODUCTID,PRODUCTNAME,DESCRIPTION,STOCKQUANTITY,CATEGORYID,SUPPLIERID,PRODUCTIONDATE,EXPIRATIONDATE) values ('PR11','Nước cam ép','Nước ép trái cây',120,'CA03','SU01',to_date('01-JAN-24','DD-MON-RR'),to_date('01-JAN-25','DD-MON-RR'));
Insert into QLST.PRODUCTS (PRODUCTID,PRODUCTNAME,DESCRIPTION,STOCKQUANTITY,CATEGORYID,SUPPLIERID,PRODUCTIONDATE,EXPIRATIONDATE) values ('PR12','Bia Tiger','Bia lon',80,'CA03','SU01',to_date('01-JAN-24','DD-MON-RR'),to_date('01-JAN-25','DD-MON-RR'));
Insert into QLST.PRODUCTS (PRODUCTID,PRODUCTNAME,DESCRIPTION,STOCKQUANTITY,CATEGORYID,SUPPLIERID,PRODUCTIONDATE,EXPIRATIONDATE) values ('PR13','Bim bim Oishi','Snack',200,'CA02','SU02',to_date('01-FEB-24','DD-MON-RR'),to_date('01-FEB-25','DD-MON-RR'));
Insert into QLST.PRODUCTS (PRODUCTID,PRODUCTNAME,DESCRIPTION,STOCKQUANTITY,CATEGORYID,SUPPLIERID,PRODUCTIONDATE,EXPIRATIONDATE) values ('PR14','Kẹo mút Chupa Chups','Kẹo que',250,'CA02','SU02',to_date('01-FEB-24','DD-MON-RR'),to_date('01-FEB-25','DD-MON-RR'));
Insert into QLST.PRODUCTS (PRODUCTID,PRODUCTNAME,DESCRIPTION,STOCKQUANTITY,CATEGORYID,SUPPLIERID,PRODUCTIONDATE,EXPIRATIONDATE) values ('PR15','Yogurt Vinamilk','Sữa chua',150,'CA03','SU03',to_date('01-MAR-24','DD-MON-RR'),to_date('01-MAR-25','DD-MON-RR'));
Insert into QLST.PRODUCTS (PRODUCTID,PRODUCTNAME,DESCRIPTION,STOCKQUANTITY,CATEGORYID,SUPPLIERID,PRODUCTIONDATE,EXPIRATIONDATE) values ('PR16','Sữa đậu nành Fami','Sữa',200,'CA03','SU03',to_date('01-MAR-24','DD-MON-RR'),to_date('01-MAR-25','DD-MON-RR'));
Insert into QLST.PRODUCTS (PRODUCTID,PRODUCTNAME,DESCRIPTION,STOCKQUANTITY,CATEGORYID,SUPPLIERID,PRODUCTIONDATE,EXPIRATIONDATE) values ('PR17','Cà rốt','Rau củ tươi',180,'CA01','SU04',to_date('01-APR-24','DD-MON-RR'),to_date('01-OCT-24','DD-MON-RR'));
Insert into QLST.PRODUCTS (PRODUCTID,PRODUCTNAME,DESCRIPTION,STOCKQUANTITY,CATEGORYID,SUPPLIERID,PRODUCTIONDATE,EXPIRATIONDATE) values ('PR18','Cải bó xôi','Rau củ tươi',150,'CA01','SU04',to_date('01-APR-24','DD-MON-RR'),to_date('01-OCT-24','DD-MON-RR'));
Insert into QLST.PRODUCTS (PRODUCTID,PRODUCTNAME,DESCRIPTION,STOCKQUANTITY,CATEGORYID,SUPPLIERID,PRODUCTIONDATE,EXPIRATIONDATE) values ('PR19','Bánh mì Baguette','Bánh mì baguette kiểu Pháp',100,'CA02','SU05',to_date('01-MAY-24','DD-MON-RR'),to_date('01-JUL-24','DD-MON-RR'));
Insert into QLST.PRODUCTS (PRODUCTID,PRODUCTNAME,DESCRIPTION,STOCKQUANTITY,CATEGORYID,SUPPLIERID,PRODUCTIONDATE,EXPIRATIONDATE) values ('PR20','Bánh Donut','Bánh ngọt',120,'CA02','SU05',to_date('01-MAY-24','DD-MON-RR'),to_date('01-JUL-24','DD-MON-RR'));
Insert into QLST.PRODUCTS (PRODUCTID,PRODUCTNAME,DESCRIPTION,STOCKQUANTITY,CATEGORYID,SUPPLIERID,PRODUCTIONDATE,EXPIRATIONDATE) values ('PR21','Nước ép táo','Nước ép trái cây',120,'CA03','SU01',to_date('01-JAN-24','DD-MON-RR'),to_date('01-JAN-25','DD-MON-RR'));
Insert into QLST.PRODUCTS (PRODUCTID,PRODUCTNAME,DESCRIPTION,STOCKQUANTITY,CATEGORYID,SUPPLIERID,PRODUCTIONDATE,EXPIRATIONDATE) values ('PR22','Bia Heineken','Bia lon',80,'CA03','SU01',to_date('01-JAN-24','DD-MON-RR'),to_date('01-JAN-25','DD-MON-RR'));
Insert into QLST.PRODUCTS (PRODUCTID,PRODUCTNAME,DESCRIPTION,STOCKQUANTITY,CATEGORYID,SUPPLIERID,PRODUCTIONDATE,EXPIRATIONDATE) values ('PR23','Snack Poca','Snack khoai tây',200,'CA02','SU02',to_date('01-FEB-24','DD-MON-RR'),to_date('01-FEB-25','DD-MON-RR'));
Insert into QLST.PRODUCTS (PRODUCTID,PRODUCTNAME,DESCRIPTION,STOCKQUANTITY,CATEGORYID,SUPPLIERID,PRODUCTIONDATE,EXPIRATIONDATE) values ('PR24','Kẹo sô cô la','Kẹo ngọt',150,'CA02','SU02',to_date('01-FEB-24','DD-MON-RR'),to_date('01-FEB-25','DD-MON-RR'));
Insert into QLST.PRODUCTS (PRODUCTID,PRODUCTNAME,DESCRIPTION,STOCKQUANTITY,CATEGORYID,SUPPLIERID,PRODUCTIONDATE,EXPIRATIONDATE) values ('PR25','Sữa chua nếp cẩm','Sữa chua',150,'CA03','SU03',to_date('01-MAR-24','DD-MON-RR'),to_date('01-MAR-25','DD-MON-RR'));
Insert into QLST.PRODUCTS (PRODUCTID,PRODUCTNAME,DESCRIPTION,STOCKQUANTITY,CATEGORYID,SUPPLIERID,PRODUCTIONDATE,EXPIRATIONDATE) values ('PR26','Sữa đậu phộng','Sữa',200,'CA03','SU03',to_date('01-MAR-24','DD-MON-RR'),to_date('01-MAR-25','DD-MON-RR'));
Insert into QLST.PRODUCTS (PRODUCTID,PRODUCTNAME,DESCRIPTION,STOCKQUANTITY,CATEGORYID,SUPPLIERID,PRODUCTIONDATE,EXPIRATIONDATE) values ('PR27','Bắp cải tím','Rau củ tươi',180,'CA01','SU04',to_date('01-APR-24','DD-MON-RR'),to_date('01-OCT-24','DD-MON-RR'));
Insert into QLST.PRODUCTS (PRODUCTID,PRODUCTNAME,DESCRIPTION,STOCKQUANTITY,CATEGORYID,SUPPLIERID,PRODUCTIONDATE,EXPIRATIONDATE) values ('PR28','Rau mùi','Rau thơm',200,'CA01','SU01',to_date('01-APR-24','DD-MON-RR'),to_date('01-OCT-24','DD-MON-RR'));
Insert into QLST.PRODUCTS (PRODUCTID,PRODUCTNAME,DESCRIPTION,STOCKQUANTITY,CATEGORYID,SUPPLIERID,PRODUCTIONDATE,EXPIRATIONDATE) values ('PR29','Bánh mì nướng bơ tỏi','Bánh mì',100,'CA02','SU05',to_date('01-MAY-24','DD-MON-RR'),to_date('01-JUL-24','DD-MON-RR'));
Insert into QLST.PRODUCTS (PRODUCTID,PRODUCTNAME,DESCRIPTION,STOCKQUANTITY,CATEGORYID,SUPPLIERID,PRODUCTIONDATE,EXPIRATIONDATE) values ('PR30','Bánh donut nhân kem','Bánh ngọt',100,'CA02','SU05',to_date('01-MAY-24','DD-MON-RR'),to_date('01-JUL-24','DD-MON-RR'));
Insert into QLST.PRODUCTS (PRODUCTID,PRODUCTNAME,DESCRIPTION,STOCKQUANTITY,CATEGORYID,SUPPLIERID,PRODUCTIONDATE,EXPIRATIONDATE) values ('PR31','Cà phê sữa','Đồ uống',120,'CA03','SU01',to_date('01-JAN-24','DD-MON-RR'),to_date('01-JAN-25','DD-MON-RR'));
Insert into QLST.PRODUCTS (PRODUCTID,PRODUCTNAME,DESCRIPTION,STOCKQUANTITY,CATEGORYID,SUPPLIERID,PRODUCTIONDATE,EXPIRATIONDATE) values ('PR32','Trà xanh C2','Đồ uống',150,'CA03','SU01',to_date('01-JAN-24','DD-MON-RR'),to_date('01-JAN-25','DD-MON-RR'));
Insert into QLST.PRODUCTS (PRODUCTID,PRODUCTNAME,DESCRIPTION,STOCKQUANTITY,CATEGORYID,SUPPLIERID,PRODUCTIONDATE,EXPIRATIONDATE) values ('PR33','Bánh quy AFC','Bánh quy',200,'CA02','SU02',to_date('01-FEB-24','DD-MON-RR'),to_date('01-FEB-25','DD-MON-RR'));
Insert into QLST.PRODUCTS (PRODUCTID,PRODUCTNAME,DESCRIPTION,STOCKQUANTITY,CATEGORYID,SUPPLIERID,PRODUCTIONDATE,EXPIRATIONDATE) values ('PR34','Kẹo bạc hà Mentos','Kẹo bạc hà',150,'CA02','SU02',to_date('01-FEB-24','DD-MON-RR'),to_date('01-FEB-25','DD-MON-RR'));
Insert into QLST.PRODUCTS (PRODUCTID,PRODUCTNAME,DESCRIPTION,STOCKQUANTITY,CATEGORYID,SUPPLIERID,PRODUCTIONDATE,EXPIRATIONDATE) values ('PR35','Sữa đậu nành Vinasoy','Sữa',200,'CA03','SU03',to_date('01-MAR-24','DD-MON-RR'),to_date('01-MAR-25','DD-MON-RR'));
Insert into QLST.PRODUCTS (PRODUCTID,PRODUCTNAME,DESCRIPTION,STOCKQUANTITY,CATEGORYID,SUPPLIERID,PRODUCTIONDATE,EXPIRATIONDATE) values ('PR36','Sữa hạnh nhân','Sữa',150,'CA03','SU03',to_date('01-MAR-24','DD-MON-RR'),to_date('01-MAR-25','DD-MON-RR'));
Insert into QLST.PRODUCTS (PRODUCTID,PRODUCTNAME,DESCRIPTION,STOCKQUANTITY,CATEGORYID,SUPPLIERID,PRODUCTIONDATE,EXPIRATIONDATE) values ('PR37','Dưa leo','Rau củ tươi',250,'CA01','SU04',to_date('01-APR-24','DD-MON-RR'),to_date('01-OCT-24','DD-MON-RR'));
Insert into QLST.PRODUCTS (PRODUCTID,PRODUCTNAME,DESCRIPTION,STOCKQUANTITY,CATEGORYID,SUPPLIERID,PRODUCTIONDATE,EXPIRATIONDATE) values ('PR38','Ớt chuông đỏ','Rau củ tươi',180,'CA01','SU04',to_date('01-APR-24','DD-MON-RR'),to_date('01-OCT-24','DD-MON-RR'));


REM INSERTING into QLST.SALARYHISTORIES
SET DEFINE OFF;
Insert into QLST.SALARYHISTORIES (SALARYID,SALARY,STARTDATE,ENDDATE,STAFFID,JOBID) values ('SA01',7000000,to_date('01-JAN-24','DD-MON-RR'),to_date('01-FEB-24','DD-MON-RR'),'ST01','J01');
Insert into QLST.SALARYHISTORIES (SALARYID,SALARY,STARTDATE,ENDDATE,STAFFID,JOBID) values ('SA02',6500000,to_date('02-FEB-24','DD-MON-RR'),null,'ST01','J01');
Insert into QLST.SALARYHISTORIES (SALARYID,SALARY,STARTDATE,ENDDATE,STAFFID,JOBID) values ('SA03',7500000,to_date('02-MAR-24','DD-MON-RR'),to_date('02-APR-24','DD-MON-RR'),'ST02','J02');
Insert into QLST.SALARYHISTORIES (SALARYID,SALARY,STARTDATE,ENDDATE,STAFFID,JOBID) values ('SA04',4500000,to_date('03-MAY-24','DD-MON-RR'),null,'ST02','J02');
Insert into QLST.SALARYHISTORIES (SALARYID,SALARY,STARTDATE,ENDDATE,STAFFID,JOBID) values ('SA05',5500000,to_date('03-MAY-24','DD-MON-RR'),to_date('03-JUL-24','DD-MON-RR'),'ST03','J03');
Insert into QLST.SALARYHISTORIES (SALARYID,SALARY,STARTDATE,ENDDATE,STAFFID,JOBID) values ('SA06',5800000,to_date('04-JUN-24','DD-MON-RR'),null,'ST03','J03');
Insert into QLST.SALARYHISTORIES (SALARYID,SALARY,STARTDATE,ENDDATE,STAFFID,JOBID) values ('SA07',6000000,to_date('04-JUN-24','DD-MON-RR'),to_date('04-JUL-24','DD-MON-RR'),'ST04','J04');
Insert into QLST.SALARYHISTORIES (SALARYID,SALARY,STARTDATE,ENDDATE,STAFFID,JOBID) values ('SA08',4500000,to_date('05-JUL-24','DD-MON-RR'),null,'ST04','J04');
Insert into QLST.SALARYHISTORIES (SALARYID,SALARY,STARTDATE,ENDDATE,STAFFID,JOBID) values ('SA09',7500000,to_date('05-MAR-24','DD-MON-RR'),to_date('05-APR-24','DD-MON-RR'),'ST05','J05');
Insert into QLST.SALARYHISTORIES (SALARYID,SALARY,STARTDATE,ENDDATE,STAFFID,JOBID) values ('SA10',8000000,to_date('06-APR-24','DD-MON-RR'),null,'ST05','J05');
