Rem insert clients
INSERT INTO "QLST"."CLIENTS" ("CLIENTID", "CLIENTNAME", "PHONENUMBER", "EMAIL", "ADDRESS", "CLIENTTYPE") 
VALUES ('CL01', 'Nguyễn Văn Hải', '0901234567', 'hai.nguyen@gmail.com', '123 Đường Trần Hưng Đạo, Hà Nội', 'Thường xuyên');

INSERT INTO "QLST"."CLIENTS" ("CLIENTID", "CLIENTNAME", "PHONENUMBER", "EMAIL", "ADDRESS", "CLIENTTYPE") 
VALUES ('CL02', 'Trần Thị Minh', '0902234567', 'minh.tran@gmail.com', '456 Đường Lý Thường Kiệt, TP.HCM', 'Thân thiết');

INSERT INTO "QLST"."CLIENTS" ("CLIENTID", "CLIENTNAME", "PHONENUMBER", "EMAIL", "ADDRESS", "CLIENTTYPE") 
VALUES ('CL03', 'Lê Quốc Anh', '0903234567', 'anh.le@gmail.com', '789 Đường Phan Chu Trinh, Đà Nẵng', 'Thường');

INSERT INTO "QLST"."CLIENTS" ("CLIENTID", "CLIENTNAME", "PHONENUMBER", "EMAIL", "ADDRESS", "CLIENTTYPE") 
VALUES ('CL04', 'Phạm Hồng Phúc', '0904234567', 'phuc.pham@gmail.com', '12 Đường Nguyễn Huệ, Cần Thơ', 'Thân thiết');

INSERT INTO "QLST"."CLIENTS" ("CLIENTID", "CLIENTNAME", "PHONENUMBER", "EMAIL", "ADDRESS", "CLIENTTYPE") 
VALUES ('CL05', 'Đỗ Thị Thu', '0905234567', 'thu.do@gmail.com', '34 Đường Lê Lợi, Hà Nội', 'Thường');

INSERT INTO "QLST"."CLIENTS" ("CLIENTID", "CLIENTNAME", "PHONENUMBER", "EMAIL", "ADDRESS", "CLIENTTYPE") 
VALUES ('CL06', 'Hoàng Văn Long', '0906234567', 'long.hoang@gmail.com', '56 Đường Bà Triệu, TP.HCM', 'Thân thiết');

INSERT INTO "QLST"."CLIENTS" ("CLIENTID", "CLIENTNAME", "PHONENUMBER", "EMAIL", "ADDRESS", "CLIENTTYPE") 
VALUES ('CL07', 'Nguyễn Thị Lan', '0907234567', 'lan.nguyen@gmail.com', '78 Đường Võ Thị Sáu, Đà Nẵng', 'Thường');

INSERT INTO "QLST"."CLIENTS" ("CLIENTID", "CLIENTNAME", "PHONENUMBER", "EMAIL", "ADDRESS", "CLIENTTYPE") 
VALUES ('CL08', 'Trần Văn Hùng', '0908234567', 'hung.tran@gmail.com', '90 Đường Hai Bà Trưng, Cần Thơ', 'Thân thiết');

INSERT INTO "QLST"."CLIENTS" ("CLIENTID", "CLIENTNAME", "PHONENUMBER", "EMAIL", "ADDRESS", "CLIENTTYPE") 
VALUES ('CL09', 'Lê Thị Hoa', '0909234567', 'hoa.le@gmail.com', '123 Đường Nguyễn Trãi, Hà Nội', 'Thường');

INSERT INTO "QLST"."CLIENTS" ("CLIENTID", "CLIENTNAME", "PHONENUMBER", "EMAIL", "ADDRESS", "CLIENTTYPE") 
VALUES ('CL10', 'Phạm Văn Dũng', '0910234567', 'dung.pham@gmail.com', '456 Đường Trường Chinh, TP.HCM', 'Thân thiết');

rem insert invoices
INSERT INTO "QLST"."INVOICES" ("INVOICEID", "CREATEDATE", "TOTALAMOUNT", "STAFFID", "CLIENTID") 
VALUES ('IN01', DATE '2020-01-10', 5000000, 'ST01', 'CL01');

INSERT INTO "QLST"."INVOICES" ("INVOICEID", "CREATEDATE", "TOTALAMOUNT", "STAFFID", "CLIENTID") 
VALUES ('IN02', DATE '2020-03-15', 3000000, 'ST02', 'CL02');

INSERT INTO "QLST"."INVOICES" ("INVOICEID", "CREATEDATE", "TOTALAMOUNT", "STAFFID", "CLIENTID") 
VALUES ('IN03', DATE '2021-05-20', 4000000, 'ST03', 'CL03');

INSERT INTO "QLST"."INVOICES" ("INVOICEID", "CREATEDATE", "TOTALAMOUNT", "STAFFID", "CLIENTID") 
VALUES ('IN04', DATE '2021-07-25', 6000000, 'ST04', 'CL04');

INSERT INTO "QLST"."INVOICES" ("INVOICEID", "CREATEDATE", "TOTALAMOUNT", "STAFFID", "CLIENTID") 
VALUES ('IN05', DATE '2021-09-30', 2000000, 'ST05', 'CL05');

INSERT INTO "QLST"."INVOICES" ("INVOICEID", "CREATEDATE", "TOTALAMOUNT", "STAFFID", "CLIENTID") 
VALUES ('IN06', DATE '2022-02-10', 7000000, 'ST01', 'CL06');

INSERT INTO "QLST"."INVOICES" ("INVOICEID", "CREATEDATE", "TOTALAMOUNT", "STAFFID", "CLIENTID") 
VALUES ('IN07', DATE '2022-04-15', 3500000, 'ST02', 'CL07');

INSERT INTO "QLST"."INVOICES" ("INVOICEID", "CREATEDATE", "TOTALAMOUNT", "STAFFID", "CLIENTID") 
VALUES ('IN08', DATE '2022-06-20', 8000000, 'ST03', 'CL08');

INSERT INTO "QLST"."INVOICES" ("INVOICEID", "CREATEDATE", "TOTALAMOUNT", "STAFFID", "CLIENTID") 
VALUES ('IN09', DATE '2022-08-25', 4500000, 'ST04', 'CL09');

INSERT INTO "QLST"."INVOICES" ("INVOICEID", "CREATEDATE", "TOTALAMOUNT", "STAFFID", "CLIENTID") 
VALUES ('IN10', DATE '2023-01-05', 9000000, 'ST05', 'CL10');

INSERT INTO "QLST"."INVOICES" ("INVOICEID", "CREATEDATE", "TOTALAMOUNT", "STAFFID", "CLIENTID") 
VALUES ('IN11', DATE '2023-03-12', 1500000, 'ST01', 'CL01');

INSERT INTO "QLST"."INVOICES" ("INVOICEID", "CREATEDATE", "TOTALAMOUNT", "STAFFID", "CLIENTID") 
VALUES ('IN12', DATE '2023-05-18', 2500000, 'ST02', 'CL02');

INSERT INTO "QLST"."INVOICES" ("INVOICEID", "CREATEDATE", "TOTALAMOUNT", "STAFFID", "CLIENTID") 
VALUES ('IN13', DATE '2023-07-22', 3500000, 'ST03', 'CL03');

INSERT INTO "QLST"."INVOICES" ("INVOICEID", "CREATEDATE", "TOTALAMOUNT", "STAFFID", "CLIENTID") 
VALUES ('IN14', DATE '2023-09-28', 4000000, 'ST04', 'CL04');

INSERT INTO "QLST"."INVOICES" ("INVOICEID", "CREATEDATE", "TOTALAMOUNT", "STAFFID", "CLIENTID") 
VALUES ('IN15', DATE '2024-02-10', 1000000, 'ST05', 'CL05');

INSERT INTO "QLST"."INVOICES" ("INVOICEID", "CREATEDATE", "TOTALAMOUNT", "STAFFID", "CLIENTID") 
VALUES ('IN16', DATE '2024-03-15', 5500000, 'ST01', 'CL06');

INSERT INTO "QLST"."INVOICES" ("INVOICEID", "CREATEDATE", "TOTALAMOUNT", "STAFFID", "CLIENTID") 
VALUES ('IN17', DATE '2024-04-20', 7500000, 'ST02', 'CL07');

INSERT INTO "QLST"."INVOICES" ("INVOICEID", "CREATEDATE", "TOTALAMOUNT", "STAFFID", "CLIENTID") 
VALUES ('IN18', DATE '2024-06-25', 2000000, 'ST03', 'CL08');

INSERT INTO "QLST"."INVOICES" ("INVOICEID", "CREATEDATE", "TOTALAMOUNT", "STAFFID", "CLIENTID") 
VALUES ('IN19', DATE '2024-08-30', 9000000, 'ST04', 'CL09');

INSERT INTO "QLST"."INVOICES" ("INVOICEID", "CREATEDATE", "TOTALAMOUNT", "STAFFID", "CLIENTID") 
VALUES ('IN20', DATE '2024-10-05', 6500000, 'ST05', 'CL10');

INSERT INTO "QLST"."INVOICES" ("INVOICEID", "CREATEDATE", "TOTALAMOUNT", "STAFFID", "CLIENTID") 
VALUES ('IN21', DATE '2023-11-10', 7000000, 'ST01', 'CL01');

INSERT INTO "QLST"."INVOICES" ("INVOICEID", "CREATEDATE", "TOTALAMOUNT", "STAFFID", "CLIENTID") 
VALUES ('IN22', DATE '2021-12-15', 5000000, 'ST02', 'CL02');

INSERT INTO "QLST"."INVOICES" ("INVOICEID", "CREATEDATE", "TOTALAMOUNT", "STAFFID", "CLIENTID") 
VALUES ('IN23', DATE '2020-11-10', 3000000, 'ST03', 'CL03');

INSERT INTO "QLST"."INVOICES" ("INVOICEID", "CREATEDATE", "TOTALAMOUNT", "STAFFID", "CLIENTID") 
VALUES ('IN24', DATE '2020-12-20', 6000000, 'ST04', 'CL04');

INSERT INTO "QLST"."INVOICES" ("INVOICEID", "CREATEDATE", "TOTALAMOUNT", "STAFFID", "CLIENTID") 
VALUES ('IN25', DATE '2023-09-20', 9500000, 'ST05', 'CL05');

rem insert invoicedetails
INSERT INTO "QLST"."INVOICEDETAILS" (QUANTITY, UNITPRICE, DISCOUNT, INVOICEID, PRODUCTID) VALUES (10, 150000, 5, 'IN01', 'PR01');
INSERT INTO "QLST"."INVOICEDETAILS" (QUANTITY, UNITPRICE, DISCOUNT, INVOICEID, PRODUCTID) VALUES (20, 200000, 10, 'IN02', 'PR05');
INSERT INTO "QLST"."INVOICEDETAILS" (QUANTITY, UNITPRICE, DISCOUNT, INVOICEID, PRODUCTID) VALUES (15, 180000, 8, 'IN03', 'PR12');
INSERT INTO "QLST"."INVOICEDETAILS" (QUANTITY, UNITPRICE, DISCOUNT, INVOICEID, PRODUCTID) VALUES (25, 250000, 12, 'IN04', 'PR08');
INSERT INTO "QLST"."INVOICEDETAILS" (QUANTITY, UNITPRICE, DISCOUNT, INVOICEID, PRODUCTID) VALUES (30, 300000, 15, 'IN05', 'PR15');
INSERT INTO "QLST"."INVOICEDETAILS" (QUANTITY, UNITPRICE, DISCOUNT, INVOICEID, PRODUCTID) VALUES (12, 130000, 7, 'IN06', 'PR07');
INSERT INTO "QLST"."INVOICEDETAILS" (QUANTITY, UNITPRICE, DISCOUNT, INVOICEID, PRODUCTID) VALUES (22, 220000, 11, 'IN07', 'PR10');
INSERT INTO "QLST"."INVOICEDETAILS" (QUANTITY, UNITPRICE, DISCOUNT, INVOICEID, PRODUCTID) VALUES (18, 175000, 9, 'IN08', 'PR13');
INSERT INTO "QLST"."INVOICEDETAILS" (QUANTITY, UNITPRICE, DISCOUNT, INVOICEID, PRODUCTID) VALUES (28, 270000, 14, 'IN09', 'PR04');
INSERT INTO "QLST"."INVOICEDETAILS" (QUANTITY, UNITPRICE, DISCOUNT, INVOICEID, PRODUCTID) VALUES (35, 320000, 18, 'IN10', 'PR06');
INSERT INTO "QLST"."INVOICEDETAILS" (QUANTITY, UNITPRICE, DISCOUNT, INVOICEID, PRODUCTID) VALUES (17, 140000, 6, 'IN11', 'PR09');
INSERT INTO "QLST"."INVOICEDETAILS" (QUANTITY, UNITPRICE, DISCOUNT, INVOICEID, PRODUCTID) VALUES (21, 195000, 10, 'IN12', 'PR14');
INSERT INTO "QLST"."INVOICEDETAILS" (QUANTITY, UNITPRICE, DISCOUNT, INVOICEID, PRODUCTID) VALUES (19, 210000, 9, 'IN13', 'PR02');
INSERT INTO "QLST"."INVOICEDETAILS" (QUANTITY, UNITPRICE, DISCOUNT, INVOICEID, PRODUCTID) VALUES (24, 230000, 13, 'IN14', 'PR11');
INSERT INTO "QLST"."INVOICEDETAILS" (QUANTITY, UNITPRICE, DISCOUNT, INVOICEID, PRODUCTID) VALUES (16, 250000, 7, 'IN15', 'PR03');
INSERT INTO "QLST"."INVOICEDETAILS" (QUANTITY, UNITPRICE, DISCOUNT, INVOICEID, PRODUCTID) VALUES (27, 260000, 12, 'IN16', 'PR16');
INSERT INTO "QLST"."INVOICEDETAILS" (QUANTITY, UNITPRICE, DISCOUNT, INVOICEID, PRODUCTID) VALUES (23, 275000, 11, 'IN17', 'PR17');
INSERT INTO "QLST"."INVOICEDETAILS" (QUANTITY, UNITPRICE, DISCOUNT, INVOICEID, PRODUCTID) VALUES (14, 120000, 6, 'IN18', 'PR18');
INSERT INTO "QLST"."INVOICEDETAILS" (QUANTITY, UNITPRICE, DISCOUNT, INVOICEID, PRODUCTID) VALUES (31, 290000, 14, 'IN19', 'PR19');
INSERT INTO "QLST"."INVOICEDETAILS" (QUANTITY, UNITPRICE, DISCOUNT, INVOICEID, PRODUCTID) VALUES (26, 305000, 12, 'IN20', 'PR20');
INSERT INTO "QLST"."INVOICEDETAILS" (QUANTITY, UNITPRICE, DISCOUNT, INVOICEID, PRODUCTID) VALUES (13, 115000, 5, 'IN21', 'PR21');
INSERT INTO "QLST"."INVOICEDETAILS" (QUANTITY, UNITPRICE, DISCOUNT, INVOICEID, PRODUCTID) VALUES (34, 340000, 18, 'IN22', 'PR22');
INSERT INTO "QLST"."INVOICEDETAILS" (QUANTITY, UNITPRICE, DISCOUNT, INVOICEID, PRODUCTID) VALUES (29, 355000, 16, 'IN23', 'PR23');
INSERT INTO "QLST"."INVOICEDETAILS" (QUANTITY, UNITPRICE, DISCOUNT, INVOICEID, PRODUCTID) VALUES (11, 160000, 4, 'IN24', 'PR24');
INSERT INTO "QLST"."INVOICEDETAILS" (QUANTITY, UNITPRICE, DISCOUNT, INVOICEID, PRODUCTID) VALUES (32, 365000, 17, 'IN25', 'PR25');
INSERT INTO "QLST"."INVOICEDETAILS" (QUANTITY, UNITPRICE, DISCOUNT, INVOICEID, PRODUCTID) VALUES (30, 380000, 15, 'IN26', 'PR26');
INSERT INTO "QLST"."INVOICEDETAILS" (QUANTITY, UNITPRICE, DISCOUNT, INVOICEID, PRODUCTID) VALUES (20, 135000, 8, 'IN27', 'PR27');
INSERT INTO "QLST"."INVOICEDETAILS" (QUANTITY, UNITPRICE, DISCOUNT, INVOICEID, PRODUCTID) VALUES (36, 390000, 19, 'IN28', 'PR28');
INSERT INTO "QLST"."INVOICEDETAILS" (QUANTITY, UNITPRICE, DISCOUNT, INVOICEID, PRODUCTID) VALUES (33, 370000, 18, 'IN29', 'PR29');
INSERT INTO "QLST"."INVOICEDETAILS" (QUANTITY, UNITPRICE, DISCOUNT, INVOICEID, PRODUCTID) VALUES (15, 125000, 6, 'IN30', 'PR30');

