--------------------------------------------------------
--  File created - Thứ Tư-tháng 10-30-2024   
--------------------------------------------------------
REM INSERTING into QLST.ATTENDANCES
SET DEFINE OFF;
Insert into QLST.ATTENDANCES (ATTENDANCEID,STAFFID,SHIFT,SHIFTDATE) values ('A001','ST01','Sáng',to_date('01-OCT-24','DD-MON-RR'));
Insert into QLST.ATTENDANCES (ATTENDANCEID,STAFFID,SHIFT,SHIFTDATE) values ('A002','ST02','Chiều',to_date('02-OCT-24','DD-MON-RR'));
Insert into QLST.ATTENDANCES (ATTENDANCEID,STAFFID,SHIFT,SHIFTDATE) values ('A003','ST03','Chiều',to_date('03-OCT-24','DD-MON-RR'));
Insert into QLST.ATTENDANCES (ATTENDANCEID,STAFFID,SHIFT,SHIFTDATE) values ('A004','ST04','Sáng',to_date('04-OCT-24','DD-MON-RR'));
Insert into QLST.ATTENDANCES (ATTENDANCEID,STAFFID,SHIFT,SHIFTDATE) values ('A005','ST05','Chiều',to_date('05-OCT-24','DD-MON-RR'));
Insert into QLST.ATTENDANCES (ATTENDANCEID,STAFFID,SHIFT,SHIFTDATE) values ('A006','ST01','Chiều',to_date('06-OCT-24','DD-MON-RR'));
Insert into QLST.ATTENDANCES (ATTENDANCEID,STAFFID,SHIFT,SHIFTDATE) values ('A007','ST02','Sáng',to_date('07-OCT-24','DD-MON-RR'));
Insert into QLST.ATTENDANCES (ATTENDANCEID,STAFFID,SHIFT,SHIFTDATE) values ('A008','ST03','Chiều',to_date('08-OCT-24','DD-MON-RR'));
Insert into QLST.ATTENDANCES (ATTENDANCEID,STAFFID,SHIFT,SHIFTDATE) values ('A009','ST04','Chiều',to_date('09-OCT-24','DD-MON-RR'));
Insert into QLST.ATTENDANCES (ATTENDANCEID,STAFFID,SHIFT,SHIFTDATE) values ('A010','ST05','Sáng',to_date('10-OCT-24','DD-MON-RR'));
Insert into QLST.ATTENDANCES (ATTENDANCEID,STAFFID,SHIFT,SHIFTDATE) values ('A011','ST01','Chiều',to_date('11-OCT-24','DD-MON-RR'));
Insert into QLST.ATTENDANCES (ATTENDANCEID,STAFFID,SHIFT,SHIFTDATE) values ('A012','ST02','Chiều',to_date('12-OCT-24','DD-MON-RR'));
Insert into QLST.ATTENDANCES (ATTENDANCEID,STAFFID,SHIFT,SHIFTDATE) values ('A013','ST03','Sáng',to_date('13-OCT-24','DD-MON-RR'));
Insert into QLST.ATTENDANCES (ATTENDANCEID,STAFFID,SHIFT,SHIFTDATE) values ('A014','ST04','Chiều',to_date('14-OCT-24','DD-MON-RR'));
Insert into QLST.ATTENDANCES (ATTENDANCEID,STAFFID,SHIFT,SHIFTDATE) values ('A015','ST05','Chiều',to_date('15-OCT-24','DD-MON-RR'));
Insert into QLST.ATTENDANCES (ATTENDANCEID,STAFFID,SHIFT,SHIFTDATE) values ('A016','ST01','Sáng',to_date('16-OCT-24','DD-MON-RR'));
Insert into QLST.ATTENDANCES (ATTENDANCEID,STAFFID,SHIFT,SHIFTDATE) values ('A017','ST02','Chiều',to_date('17-OCT-24','DD-MON-RR'));
Insert into QLST.ATTENDANCES (ATTENDANCEID,STAFFID,SHIFT,SHIFTDATE) values ('A018','ST03','Sáng',to_date('18-OCT-24','DD-MON-RR'));
Insert into QLST.ATTENDANCES (ATTENDANCEID,STAFFID,SHIFT,SHIFTDATE) values ('A019','ST04','Sáng',to_date('19-OCT-24','DD-MON-RR'));
Insert into QLST.ATTENDANCES (ATTENDANCEID,STAFFID,SHIFT,SHIFTDATE) values ('A020','ST05','Chiều',to_date('20-OCT-24','DD-MON-RR'));
Insert into QLST.ATTENDANCES (ATTENDANCEID,STAFFID,SHIFT,SHIFTDATE) values ('A021','ST01','Chiều',to_date('21-OCT-24','DD-MON-RR'));
Insert into QLST.ATTENDANCES (ATTENDANCEID,STAFFID,SHIFT,SHIFTDATE) values ('A022','ST02','Chiều',to_date('22-OCT-24','DD-MON-RR'));
Insert into QLST.ATTENDANCES (ATTENDANCEID,STAFFID,SHIFT,SHIFTDATE) values ('A023','ST03','Chiều',to_date('23-OCT-24','DD-MON-RR'));
Insert into QLST.ATTENDANCES (ATTENDANCEID,STAFFID,SHIFT,SHIFTDATE) values ('A024','ST04','Sáng',to_date('24-OCT-24','DD-MON-RR'));
Insert into QLST.ATTENDANCES (ATTENDANCEID,STAFFID,SHIFT,SHIFTDATE) values ('A025','ST05','Sáng',to_date('25-OCT-24','DD-MON-RR'));
Insert into QLST.ATTENDANCES (ATTENDANCEID,STAFFID,SHIFT,SHIFTDATE) values ('A026','ST01','Chiều',to_date('26-OCT-24','DD-MON-RR'));
Insert into QLST.ATTENDANCES (ATTENDANCEID,STAFFID,SHIFT,SHIFTDATE) values ('A027','ST02','Chiều',to_date('27-OCT-24','DD-MON-RR'));
Insert into QLST.ATTENDANCES (ATTENDANCEID,STAFFID,SHIFT,SHIFTDATE) values ('A028','ST03','Sáng',to_date('28-OCT-24','DD-MON-RR'));
Insert into QLST.ATTENDANCES (ATTENDANCEID,STAFFID,SHIFT,SHIFTDATE) values ('A029','ST04','Chiều',to_date('29-OCT-24','DD-MON-RR'));
Insert into QLST.ATTENDANCES (ATTENDANCEID,STAFFID,SHIFT,SHIFTDATE) values ('A030','ST05','Chiều',to_date('30-OCT-24','DD-MON-RR'));
Insert into QLST.ATTENDANCES (ATTENDANCEID,STAFFID,SHIFT,SHIFTDATE) values ('A031','ST01','Sáng',to_date('01-NOV-24','DD-MON-RR'));
Insert into QLST.ATTENDANCES (ATTENDANCEID,STAFFID,SHIFT,SHIFTDATE) values ('A032','ST02','Chiều',to_date('02-NOV-24','DD-MON-RR'));
Insert into QLST.ATTENDANCES (ATTENDANCEID,STAFFID,SHIFT,SHIFTDATE) values ('A033','ST03','Chiều',to_date('03-NOV-24','DD-MON-RR'));
Insert into QLST.ATTENDANCES (ATTENDANCEID,STAFFID,SHIFT,SHIFTDATE) values ('A034','ST04','Chiều',to_date('04-NOV-24','DD-MON-RR'));
Insert into QLST.ATTENDANCES (ATTENDANCEID,STAFFID,SHIFT,SHIFTDATE) values ('A035','ST05','Chiều',to_date('05-NOV-24','DD-MON-RR'));
Insert into QLST.ATTENDANCES (ATTENDANCEID,STAFFID,SHIFT,SHIFTDATE) values ('A036','ST01','Sáng',to_date('06-NOV-24','DD-MON-RR'));
Insert into QLST.ATTENDANCES (ATTENDANCEID,STAFFID,SHIFT,SHIFTDATE) values ('A037','ST02','Sáng',to_date('07-NOV-24','DD-MON-RR'));
Insert into QLST.ATTENDANCES (ATTENDANCEID,STAFFID,SHIFT,SHIFTDATE) values ('A038','ST03','Chiều',to_date('08-NOV-24','DD-MON-RR'));
Insert into QLST.ATTENDANCES (ATTENDANCEID,STAFFID,SHIFT,SHIFTDATE) values ('A039','ST04','Chiều',to_date('09-NOV-24','DD-MON-RR'));
Insert into QLST.ATTENDANCES (ATTENDANCEID,STAFFID,SHIFT,SHIFTDATE) values ('A040','ST05','Sáng',to_date('10-NOV-24','DD-MON-RR'));
REM INSERTING into QLST.CATEGORIES
SET DEFINE OFF;
Insert into QLST.CATEGORIES (CATEGORYID,CATEGORYTITLE,DESCRIPTION) values ('CA01','Thực phẩm tươi','Thịt, cá, rau, củ, quả,...');
Insert into QLST.CATEGORIES (CATEGORYID,CATEGORYTITLE,DESCRIPTION) values ('CA02','Thực phẩm khô','Bánh, kẹo, mì, lương khô,...');
Insert into QLST.CATEGORIES (CATEGORYID,CATEGORYTITLE,DESCRIPTION) values ('CA03','Đồ uống','Nước ngọt, sữa,...');
Insert into QLST.CATEGORIES (CATEGORYID,CATEGORYTITLE,DESCRIPTION) values ('CA04','Đồ gia dụng','Nồi niêu xoong chảo');
Insert into QLST.CATEGORIES (CATEGORYID,CATEGORYTITLE,DESCRIPTION) values ('CA05','Đồ điện tử','Điện thoại, máy tính bảng, laptop,...');
Insert into QLST.CATEGORIES (CATEGORYID,CATEGORYTITLE,DESCRIPTION) values ('CA06','Hóa mỹ phẩm','Son, phấn, sữa rửa mặt, nước tẩy trang,...');
Insert into QLST.CATEGORIES (CATEGORYID,CATEGORYTITLE,DESCRIPTION) values ('CA07','Đồ dùng cá nhân','Khăn mặt, bàn chải đánh răng,...');
Insert into QLST.CATEGORIES (CATEGORYID,CATEGORYTITLE,DESCRIPTION) values ('CA08','Quần áo','Các loại quần áo');
Insert into QLST.CATEGORIES (CATEGORYID,CATEGORYTITLE,DESCRIPTION) values ('CA09','Đồ chơi trẻ em','Các loại đồ chơi');
REM INSERTING into QLST.CLIENTS
SET DEFINE OFF;
Insert into QLST.CLIENTS (CLIENTID,CLIENTNAME,PHONENUMBER,EMAIL,ADDRESS,CLIENTTYPE) values ('CL01','Nguyễn Văn Hải','0901234567','hai.nguyen@gmail.com','123 Đường Trần Hưng Đạo, Hà Nội','Thường xuyên');
Insert into QLST.CLIENTS (CLIENTID,CLIENTNAME,PHONENUMBER,EMAIL,ADDRESS,CLIENTTYPE) values ('CL02','Trần Thị Minh','0902234567','minh.tran@gmail.com','456 Đường Lý Thường Kiệt, TP.HCM','Thân thiết');
Insert into QLST.CLIENTS (CLIENTID,CLIENTNAME,PHONENUMBER,EMAIL,ADDRESS,CLIENTTYPE) values ('CL03','Lê Quốc Anh','0903234567','anh.le@gmail.com','789 Đường Phan Chu Trinh, Đà Nẵng','Thường');
Insert into QLST.CLIENTS (CLIENTID,CLIENTNAME,PHONENUMBER,EMAIL,ADDRESS,CLIENTTYPE) values ('CL04','Phạm Hồng Phúc','0904234567','phuc.pham@gmail.com','12 Đường Nguyễn Huệ, Cần Thơ','Thân thiết');
Insert into QLST.CLIENTS (CLIENTID,CLIENTNAME,PHONENUMBER,EMAIL,ADDRESS,CLIENTTYPE) values ('CL05','Đỗ Thị Thu','0905234567','thu.do@gmail.com','34 Đường Lê Lợi, Hà Nội','Thường');
Insert into QLST.CLIENTS (CLIENTID,CLIENTNAME,PHONENUMBER,EMAIL,ADDRESS,CLIENTTYPE) values ('CL06','Hoàng Văn Long','0906234567','long.hoang@gmail.com','56 Đường Bà Triệu, TP.HCM','Thân thiết');
Insert into QLST.CLIENTS (CLIENTID,CLIENTNAME,PHONENUMBER,EMAIL,ADDRESS,CLIENTTYPE) values ('CL07','Nguyễn Thị Lan','0907234567','lan.nguyen@gmail.com','78 Đường Võ Thị Sáu, Đà Nẵng','Thường');
Insert into QLST.CLIENTS (CLIENTID,CLIENTNAME,PHONENUMBER,EMAIL,ADDRESS,CLIENTTYPE) values ('CL08','Trần Văn Hùng','0908234567','hung.tran@gmail.com','90 Đường Hai Bà Trưng, Cần Thơ','Thân thiết');
Insert into QLST.CLIENTS (CLIENTID,CLIENTNAME,PHONENUMBER,EMAIL,ADDRESS,CLIENTTYPE) values ('CL09','Lê Thị Hoa','0909234567','hoa.le@gmail.com','123 Đường Nguyễn Trãi, Hà Nội','Thường');
Insert into QLST.CLIENTS (CLIENTID,CLIENTNAME,PHONENUMBER,EMAIL,ADDRESS,CLIENTTYPE) values ('CL10','Phạm Văn Dũng','0910234567','dung.pham@gmail.com','456 Đường Trường Chinh, TP.HCM','Thân thiết');
REM INSERTING into QLST.INVOICEDETAILS
SET DEFINE OFF;
Insert into QLST.INVOICEDETAILS (QUANTITY,LINETOTAL,DISCOUNT,INVOICEID,PRODUCTID) values (5,150000,5,'IN01','PR01');
Insert into QLST.INVOICEDETAILS (QUANTITY,LINETOTAL,DISCOUNT,INVOICEID,PRODUCTID) values (10,200000,10,'IN02','PR05');
Insert into QLST.INVOICEDETAILS (QUANTITY,LINETOTAL,DISCOUNT,INVOICEID,PRODUCTID) values (7,180000,5,'IN03','PR12');
Insert into QLST.INVOICEDETAILS (QUANTITY,LINETOTAL,DISCOUNT,INVOICEID,PRODUCTID) values (12,250000,10,'IN04','PR08');
Insert into QLST.INVOICEDETAILS (QUANTITY,LINETOTAL,DISCOUNT,INVOICEID,PRODUCTID) values (15,300000,15,'IN05','PR15');
Insert into QLST.INVOICEDETAILS (QUANTITY,LINETOTAL,DISCOUNT,INVOICEID,PRODUCTID) values (6,130000,5,'IN06','PR07');
Insert into QLST.INVOICEDETAILS (QUANTITY,LINETOTAL,DISCOUNT,INVOICEID,PRODUCTID) values (10,220000,10,'IN07','PR10');
Insert into QLST.INVOICEDETAILS (QUANTITY,LINETOTAL,DISCOUNT,INVOICEID,PRODUCTID) values (8,175000,5,'IN08','PR13');
Insert into QLST.INVOICEDETAILS (QUANTITY,LINETOTAL,DISCOUNT,INVOICEID,PRODUCTID) values (2,270000,10,'IN09','PR04');
Insert into QLST.INVOICEDETAILS (QUANTITY,LINETOTAL,DISCOUNT,INVOICEID,PRODUCTID) values (3,320000,15,'IN10','PR06');
Insert into QLST.INVOICEDETAILS (QUANTITY,LINETOTAL,DISCOUNT,INVOICEID,PRODUCTID) values (1,140000,5,'IN11','PR09');
Insert into QLST.INVOICEDETAILS (QUANTITY,LINETOTAL,DISCOUNT,INVOICEID,PRODUCTID) values (10,195000,10,'IN12','PR14');
Insert into QLST.INVOICEDETAILS (QUANTITY,LINETOTAL,DISCOUNT,INVOICEID,PRODUCTID) values (6,210000,5,'IN13','PR02');
Insert into QLST.INVOICEDETAILS (QUANTITY,LINETOTAL,DISCOUNT,INVOICEID,PRODUCTID) values (4,230000,10,'IN14','PR11');
Insert into QLST.INVOICEDETAILS (QUANTITY,LINETOTAL,DISCOUNT,INVOICEID,PRODUCTID) values (1,250000,5,'IN15','PR03');
Insert into QLST.INVOICEDETAILS (QUANTITY,LINETOTAL,DISCOUNT,INVOICEID,PRODUCTID) values (2,260000,10,'IN16','PR16');
Insert into QLST.INVOICEDETAILS (QUANTITY,LINETOTAL,DISCOUNT,INVOICEID,PRODUCTID) values (2,275000,10,'IN17','PR17');
Insert into QLST.INVOICEDETAILS (QUANTITY,LINETOTAL,DISCOUNT,INVOICEID,PRODUCTID) values (5,120000,5,'IN18','PR18');
Insert into QLST.INVOICEDETAILS (QUANTITY,LINETOTAL,DISCOUNT,INVOICEID,PRODUCTID) values (3,290000,10,'IN19','PR19');
Insert into QLST.INVOICEDETAILS (QUANTITY,LINETOTAL,DISCOUNT,INVOICEID,PRODUCTID) values (2,305000,10,'IN20','PR20');
Insert into QLST.INVOICEDETAILS (QUANTITY,LINETOTAL,DISCOUNT,INVOICEID,PRODUCTID) values (1,115000,5,'IN21','PR21');
Insert into QLST.INVOICEDETAILS (QUANTITY,LINETOTAL,DISCOUNT,INVOICEID,PRODUCTID) values (3,340000,15,'IN22','PR22');
Insert into QLST.INVOICEDETAILS (QUANTITY,LINETOTAL,DISCOUNT,INVOICEID,PRODUCTID) values (2,355000,15,'IN23','PR23');
Insert into QLST.INVOICEDETAILS (QUANTITY,LINETOTAL,DISCOUNT,INVOICEID,PRODUCTID) values (3,160000,0,'IN24','PR24');
Insert into QLST.INVOICEDETAILS (QUANTITY,LINETOTAL,DISCOUNT,INVOICEID,PRODUCTID) values (3,365000,15,'IN25','PR25');
REM INSERTING into QLST.INVOICES
SET DEFINE OFF;
Insert into QLST.INVOICES (INVOICEID,CREATEDATE,TOTALAMOUNT,STAFFID,CLIENTID) values ('IN01',to_date('10-JAN-20','DD-MON-RR'),5000000,'ST01','CL01');
Insert into QLST.INVOICES (INVOICEID,CREATEDATE,TOTALAMOUNT,STAFFID,CLIENTID) values ('IN02',to_date('15-MAR-20','DD-MON-RR'),3000000,'ST06','CL02');
Insert into QLST.INVOICES (INVOICEID,CREATEDATE,TOTALAMOUNT,STAFFID,CLIENTID) values ('IN03',to_date('20-MAY-21','DD-MON-RR'),4000000,'ST07','CL03');
Insert into QLST.INVOICES (INVOICEID,CREATEDATE,TOTALAMOUNT,STAFFID,CLIENTID) values ('IN04',to_date('25-JUL-21','DD-MON-RR'),6000000,'ST07','CL04');
Insert into QLST.INVOICES (INVOICEID,CREATEDATE,TOTALAMOUNT,STAFFID,CLIENTID) values ('IN05',to_date('30-SEP-21','DD-MON-RR'),2000000,'ST06','CL05');
Insert into QLST.INVOICES (INVOICEID,CREATEDATE,TOTALAMOUNT,STAFFID,CLIENTID) values ('IN06',to_date('10-FEB-22','DD-MON-RR'),7000000,'ST01','CL06');
Insert into QLST.INVOICES (INVOICEID,CREATEDATE,TOTALAMOUNT,STAFFID,CLIENTID) values ('IN07',to_date('15-APR-22','DD-MON-RR'),3500000,'ST06','CL07');
Insert into QLST.INVOICES (INVOICEID,CREATEDATE,TOTALAMOUNT,STAFFID,CLIENTID) values ('IN08',to_date('20-JUN-22','DD-MON-RR'),8000000,'ST06','CL08');
Insert into QLST.INVOICES (INVOICEID,CREATEDATE,TOTALAMOUNT,STAFFID,CLIENTID) values ('IN09',to_date('25-AUG-22','DD-MON-RR'),4500000,'ST07','CL09');
Insert into QLST.INVOICES (INVOICEID,CREATEDATE,TOTALAMOUNT,STAFFID,CLIENTID) values ('IN10',to_date('05-JAN-23','DD-MON-RR'),9000000,'ST06','CL10');
Insert into QLST.INVOICES (INVOICEID,CREATEDATE,TOTALAMOUNT,STAFFID,CLIENTID) values ('IN11',to_date('12-MAR-23','DD-MON-RR'),1500000,'ST01','CL01');
Insert into QLST.INVOICES (INVOICEID,CREATEDATE,TOTALAMOUNT,STAFFID,CLIENTID) values ('IN12',to_date('18-MAY-23','DD-MON-RR'),2500000,'ST06','CL02');
Insert into QLST.INVOICES (INVOICEID,CREATEDATE,TOTALAMOUNT,STAFFID,CLIENTID) values ('IN13',to_date('22-JUL-23','DD-MON-RR'),3500000,'ST06','CL03');
Insert into QLST.INVOICES (INVOICEID,CREATEDATE,TOTALAMOUNT,STAFFID,CLIENTID) values ('IN14',to_date('28-SEP-23','DD-MON-RR'),4000000,'ST06','CL04');
Insert into QLST.INVOICES (INVOICEID,CREATEDATE,TOTALAMOUNT,STAFFID,CLIENTID) values ('IN15',to_date('10-FEB-24','DD-MON-RR'),1000000,'ST06','CL05');
Insert into QLST.INVOICES (INVOICEID,CREATEDATE,TOTALAMOUNT,STAFFID,CLIENTID) values ('IN16',to_date('15-MAR-24','DD-MON-RR'),5500000,'ST06','CL06');
Insert into QLST.INVOICES (INVOICEID,CREATEDATE,TOTALAMOUNT,STAFFID,CLIENTID) values ('IN17',to_date('20-APR-24','DD-MON-RR'),7500000,'ST01','CL07');
Insert into QLST.INVOICES (INVOICEID,CREATEDATE,TOTALAMOUNT,STAFFID,CLIENTID) values ('IN18',to_date('25-JUN-24','DD-MON-RR'),2000000,'ST01','CL08');
Insert into QLST.INVOICES (INVOICEID,CREATEDATE,TOTALAMOUNT,STAFFID,CLIENTID) values ('IN19',to_date('30-AUG-24','DD-MON-RR'),9000000,'ST01','CL09');
Insert into QLST.INVOICES (INVOICEID,CREATEDATE,TOTALAMOUNT,STAFFID,CLIENTID) values ('IN20',to_date('05-OCT-24','DD-MON-RR'),6500000,'ST07','CL10');
Insert into QLST.INVOICES (INVOICEID,CREATEDATE,TOTALAMOUNT,STAFFID,CLIENTID) values ('IN21',to_date('10-NOV-23','DD-MON-RR'),7000000,'ST01','CL01');
Insert into QLST.INVOICES (INVOICEID,CREATEDATE,TOTALAMOUNT,STAFFID,CLIENTID) values ('IN22',to_date('15-DEC-21','DD-MON-RR'),5000000,'ST07','CL02');
Insert into QLST.INVOICES (INVOICEID,CREATEDATE,TOTALAMOUNT,STAFFID,CLIENTID) values ('IN23',to_date('10-NOV-20','DD-MON-RR'),3000000,'ST01','CL03');
Insert into QLST.INVOICES (INVOICEID,CREATEDATE,TOTALAMOUNT,STAFFID,CLIENTID) values ('IN24',to_date('20-DEC-20','DD-MON-RR'),6000000,'ST07','CL04');
Insert into QLST.INVOICES (INVOICEID,CREATEDATE,TOTALAMOUNT,STAFFID,CLIENTID) values ('IN25',to_date('20-SEP-23','DD-MON-RR'),9500000,'ST06','CL05');
REM INSERTING into QLST.JOBS
SET DEFINE OFF;
Insert into QLST.JOBS (JOBID,JOBNAME,SHIFTSALARY,DESCRIPTION) values ('J01','Nhân viên bán hàng',250000,null);
Insert into QLST.JOBS (JOBID,JOBNAME,SHIFTSALARY,DESCRIPTION) values ('J02','Nhân viên bán kho',260000,null);
Insert into QLST.JOBS (JOBID,JOBNAME,SHIFTSALARY,DESCRIPTION) values ('J03','Nhân viên tạp vụ',190000,null);
Insert into QLST.JOBS (JOBID,JOBNAME,SHIFTSALARY,DESCRIPTION) values ('J04','Nhân viên bảo vệ',200000,null);
Insert into QLST.JOBS (JOBID,JOBNAME,SHIFTSALARY,DESCRIPTION) values ('J05','Quản lý',300000,null);
REM INSERTING into QLST.PRICEHISTORIES
SET DEFINE OFF;
Insert into QLST.PRICEHISTORIES (PRICEID,SELLINGPRICE,STARTDATE,ENDDATE,PRODUCTID,PURCHASEPRICE) values ('PH01',11000,to_date('01-JAN-23','DD-MON-RR'),to_date('01-FEB-23','DD-MON-RR'),'PR01',7000);
Insert into QLST.PRICEHISTORIES (PRICEID,SELLINGPRICE,STARTDATE,ENDDATE,PRODUCTID,PURCHASEPRICE) values ('PH02',11000,to_date('01-FEB-23','DD-MON-RR'),to_date('28-FEB-23','DD-MON-RR'),'PR02',7000);
Insert into QLST.PRICEHISTORIES (PRICEID,SELLINGPRICE,STARTDATE,ENDDATE,PRODUCTID,PURCHASEPRICE) values ('PH03',10000,to_date('01-MAR-23','DD-MON-RR'),null,'PR03',6000);
Insert into QLST.PRICEHISTORIES (PRICEID,SELLINGPRICE,STARTDATE,ENDDATE,PRODUCTID,PURCHASEPRICE) values ('PH04',5000,to_date('01-APR-23','DD-MON-RR'),null,'PR04',2000);
Insert into QLST.PRICEHISTORIES (PRICEID,SELLINGPRICE,STARTDATE,ENDDATE,PRODUCTID,PURCHASEPRICE) values ('PH05',30000,to_date('01-MAY-23','DD-MON-RR'),null,'PR05',20000);
Insert into QLST.PRICEHISTORIES (PRICEID,SELLINGPRICE,STARTDATE,ENDDATE,PRODUCTID,PURCHASEPRICE) values ('PH06',75000,to_date('01-JUN-23','DD-MON-RR'),null,'PR06',70000);
Insert into QLST.PRICEHISTORIES (PRICEID,SELLINGPRICE,STARTDATE,ENDDATE,PRODUCTID,PURCHASEPRICE) values ('PH07',80000,to_date('01-JUL-23','DD-MON-RR'),null,'PR07',75000);
Insert into QLST.PRICEHISTORIES (PRICEID,SELLINGPRICE,STARTDATE,ENDDATE,PRODUCTID,PURCHASEPRICE) values ('PH08',85000,to_date('01-AUG-23','DD-MON-RR'),null,'PR08',80000);
Insert into QLST.PRICEHISTORIES (PRICEID,SELLINGPRICE,STARTDATE,ENDDATE,PRODUCTID,PURCHASEPRICE) values ('PH09',18000,to_date('01-SEP-23','DD-MON-RR'),null,'PR09',10000);
Insert into QLST.PRICEHISTORIES (PRICEID,SELLINGPRICE,STARTDATE,ENDDATE,PRODUCTID,PURCHASEPRICE) values ('PH10',95000,to_date('01-OCT-23','DD-MON-RR'),null,'PR10',90000);
Insert into QLST.PRICEHISTORIES (PRICEID,SELLINGPRICE,STARTDATE,ENDDATE,PRODUCTID,PURCHASEPRICE) values ('PH11',10000,to_date('01-NOV-23','DD-MON-RR'),null,'PR11',6000);
Insert into QLST.PRICEHISTORIES (PRICEID,SELLINGPRICE,STARTDATE,ENDDATE,PRODUCTID,PURCHASEPRICE) values ('PH12',15000,to_date('01-DEC-23','DD-MON-RR'),null,'PR12',10000);
Insert into QLST.PRICEHISTORIES (PRICEID,SELLINGPRICE,STARTDATE,ENDDATE,PRODUCTID,PURCHASEPRICE) values ('PH13',11000,to_date('01-JAN-24','DD-MON-RR'),null,'PR13',7000);
Insert into QLST.PRICEHISTORIES (PRICEID,SELLINGPRICE,STARTDATE,ENDDATE,PRODUCTID,PURCHASEPRICE) values ('PH14',3000,to_date('01-FEB-24','DD-MON-RR'),null,'PR14',1000);
Insert into QLST.PRICEHISTORIES (PRICEID,SELLINGPRICE,STARTDATE,ENDDATE,PRODUCTID,PURCHASEPRICE) values ('PH15',20000,to_date('01-MAR-24','DD-MON-RR'),null,'PR15',15000);
Insert into QLST.PRICEHISTORIES (PRICEID,SELLINGPRICE,STARTDATE,ENDDATE,PRODUCTID,PURCHASEPRICE) values ('PH16',25000,to_date('01-APR-24','DD-MON-RR'),null,'PR16',20000);
Insert into QLST.PRICEHISTORIES (PRICEID,SELLINGPRICE,STARTDATE,ENDDATE,PRODUCTID,PURCHASEPRICE) values ('PH17',130000,to_date('01-MAY-24','DD-MON-RR'),null,'PR17',125000);
Insert into QLST.PRICEHISTORIES (PRICEID,SELLINGPRICE,STARTDATE,ENDDATE,PRODUCTID,PURCHASEPRICE) values ('PH18',15000,to_date('01-JUN-24','DD-MON-RR'),null,'PR18',10000);
Insert into QLST.PRICEHISTORIES (PRICEID,SELLINGPRICE,STARTDATE,ENDDATE,PRODUCTID,PURCHASEPRICE) values ('PH19',40000,to_date('01-JUL-24','DD-MON-RR'),null,'PR19',30000);
Insert into QLST.PRICEHISTORIES (PRICEID,SELLINGPRICE,STARTDATE,ENDDATE,PRODUCTID,PURCHASEPRICE) values ('PH20',145000,to_date('01-AUG-24','DD-MON-RR'),null,'PR20',140000);
Insert into QLST.PRICEHISTORIES (PRICEID,SELLINGPRICE,STARTDATE,ENDDATE,PRODUCTID,PURCHASEPRICE) values ('PH21',15000,to_date('01-SEP-24','DD-MON-RR'),null,'PR21',10000);
Insert into QLST.PRICEHISTORIES (PRICEID,SELLINGPRICE,STARTDATE,ENDDATE,PRODUCTID,PURCHASEPRICE) values ('PH22',15000,to_date('28-FEB-23','DD-MON-RR'),null,'PR22',10000);
Insert into QLST.PRICEHISTORIES (PRICEID,SELLINGPRICE,STARTDATE,ENDDATE,PRODUCTID,PURCHASEPRICE) values ('PH23',10000,to_date('28-FEB-23','DD-MON-RR'),null,'PR23',5000);
Insert into QLST.PRICEHISTORIES (PRICEID,SELLINGPRICE,STARTDATE,ENDDATE,PRODUCTID,PURCHASEPRICE) values ('PH24',5000,to_date('28-FEB-23','DD-MON-RR'),null,'PR24',2000);
Insert into QLST.PRICEHISTORIES (PRICEID,SELLINGPRICE,STARTDATE,ENDDATE,PRODUCTID,PURCHASEPRICE) values ('PH25',30000,to_date('28-FEB-23','DD-MON-RR'),null,'PR25',15000);
Insert into QLST.PRICEHISTORIES (PRICEID,SELLINGPRICE,STARTDATE,ENDDATE,PRODUCTID,PURCHASEPRICE) values ('PH26',25000,to_date('28-FEB-23','DD-MON-RR'),null,'PR26',17000);
Insert into QLST.PRICEHISTORIES (PRICEID,SELLINGPRICE,STARTDATE,ENDDATE,PRODUCTID,PURCHASEPRICE) values ('PH27',80000,to_date('28-FEB-23','DD-MON-RR'),null,'PR27',70000);
Insert into QLST.PRICEHISTORIES (PRICEID,SELLINGPRICE,STARTDATE,ENDDATE,PRODUCTID,PURCHASEPRICE) values ('PH28',18000,to_date('28-FEB-23','DD-MON-RR'),null,'PR28',10000);
Insert into QLST.PRICEHISTORIES (PRICEID,SELLINGPRICE,STARTDATE,ENDDATE,PRODUCTID,PURCHASEPRICE) values ('PH29',19000,to_date('28-FEB-23','DD-MON-RR'),null,'PR29',15000);
Insert into QLST.PRICEHISTORIES (PRICEID,SELLINGPRICE,STARTDATE,ENDDATE,PRODUCTID,PURCHASEPRICE) values ('PH30',15000,to_date('28-FEB-23','DD-MON-RR'),null,'PR30',10000);
Insert into QLST.PRICEHISTORIES (PRICEID,SELLINGPRICE,STARTDATE,ENDDATE,PRODUCTID,PURCHASEPRICE) values ('PH31',20000,to_date('28-FEB-23','DD-MON-RR'),null,'PR31',15000);
Insert into QLST.PRICEHISTORIES (PRICEID,SELLINGPRICE,STARTDATE,ENDDATE,PRODUCTID,PURCHASEPRICE) values ('PH32',10000,to_date('28-FEB-23','DD-MON-RR'),null,'PR32',6000);
Insert into QLST.PRICEHISTORIES (PRICEID,SELLINGPRICE,STARTDATE,ENDDATE,PRODUCTID,PURCHASEPRICE) values ('PH33',210000,to_date('28-FEB-23','DD-MON-RR'),null,'PR33',205000);
Insert into QLST.PRICEHISTORIES (PRICEID,SELLINGPRICE,STARTDATE,ENDDATE,PRODUCTID,PURCHASEPRICE) values ('PH34',25000,to_date('28-FEB-23','DD-MON-RR'),null,'PR34',21000);
Insert into QLST.PRICEHISTORIES (PRICEID,SELLINGPRICE,STARTDATE,ENDDATE,PRODUCTID,PURCHASEPRICE) values ('PH35',22000,to_date('28-FEB-23','DD-MON-RR'),null,'PR35',15000);
Insert into QLST.PRICEHISTORIES (PRICEID,SELLINGPRICE,STARTDATE,ENDDATE,PRODUCTID,PURCHASEPRICE) values ('PH36',22000,to_date('28-FEB-23','DD-MON-RR'),null,'PR36',20000);
Insert into QLST.PRICEHISTORIES (PRICEID,SELLINGPRICE,STARTDATE,ENDDATE,PRODUCTID,PURCHASEPRICE) values ('PH37',23000,to_date('28-FEB-23','DD-MON-RR'),null,'PR37',20000);
Insert into QLST.PRICEHISTORIES (PRICEID,SELLINGPRICE,STARTDATE,ENDDATE,PRODUCTID,PURCHASEPRICE) values ('PH38',25000,to_date('28-FEB-23','DD-MON-RR'),null,'PR38',20000);
Insert into QLST.PRICEHISTORIES (PRICEID,SELLINGPRICE,STARTDATE,ENDDATE,PRODUCTID,PURCHASEPRICE) values ('PH39',10000,to_date('02-FEB-23','DD-MON-RR'),null,'PR01',6000);
Insert into QLST.PRICEHISTORIES (PRICEID,SELLINGPRICE,STARTDATE,ENDDATE,PRODUCTID,PURCHASEPRICE) values ('PH40',10000,to_date('01-MAR-23','DD-MON-RR'),null,'PR02',6000);
REM INSERTING into QLST.PRODUCTS
SET DEFINE OFF;
Insert into QLST.PRODUCTS (PRODUCTID,PRODUCTNAME,DESCRIPTION,STOCKQUANTITY,CATEGORYID,SUPPLIERID,PRODUCTIONDATE,EXPIRATIONDATE) values ('PR01','Coca Cola','Nước ngọt có ga',100,'CA03','SU01',to_date('01-JAN-24','DD-MON-RR'),to_date('01-JAN-25','DD-MON-RR'));
Insert into QLST.PRODUCTS (PRODUCTID,PRODUCTNAME,DESCRIPTION,STOCKQUANTITY,CATEGORYID,SUPPLIERID,PRODUCTIONDATE,EXPIRATIONDATE) values ('PR02','Pepsi','Nước ngọt có ga',100,'CA03','SU01',to_date('01-JAN-24','DD-MON-RR'),to_date('01-JAN-25','DD-MON-RR'));
Insert into QLST.PRODUCTS (PRODUCTID,PRODUCTNAME,DESCRIPTION,STOCKQUANTITY,CATEGORYID,SUPPLIERID,PRODUCTIONDATE,EXPIRATIONDATE) values ('PR03','Lays','Khoai tây chiên',200,'CA02','SU02',to_date('01-FEB-24','DD-MON-RR'),to_date('01-FEB-25','DD-MON-RR'));
Insert into QLST.PRODUCTS (PRODUCTID,PRODUCTNAME,DESCRIPTION,STOCKQUANTITY,CATEGORYID,SUPPLIERID,PRODUCTIONDATE,EXPIRATIONDATE) values ('PR04','Pringles','Khoai tây chiên',200,'CA02','SU02',to_date('01-FEB-24','DD-MON-RR'),to_date('01-FEB-25','DD-MON-RR'));
Insert into QLST.PRODUCTS (PRODUCTID,PRODUCTNAME,DESCRIPTION,STOCKQUANTITY,CATEGORYID,SUPPLIERID,PRODUCTIONDATE,EXPIRATIONDATE) values ('PR05','Sưa Vinamilk','Sữa tươi tiệt trùng',150,'CA03','SU03',to_date('01-MAR-24','DD-MON-RR'),to_date('01-MAR-25','DD-MON-RR'));
Insert into QLST.PRODUCTS (PRODUCTID,PRODUCTNAME,DESCRIPTION,STOCKQUANTITY,CATEGORYID,SUPPLIERID,PRODUCTIONDATE,EXPIRATIONDATE) values ('PR06','Phô mai Con Bò Cười','Phô mai',150,'CA02','SU03',to_date('01-MAR-24','DD-MON-RR'),to_date('01-MAR-25','DD-MON-RR'));
Insert into QLST.PRODUCTS (PRODUCTID,PRODUCTNAME,DESCRIPTION,STOCKQUANTITY,CATEGORYID,SUPPLIERID,PRODUCTIONDATE,EXPIRATIONDATE) values ('PR07','Táo đỏ','Trái cây tươi',300,'CA01','SU04',to_date('01-APR-24','DD-MON-RR'),to_date('01-OCT-24','DD-MON-RR'));
Insert into QLST.PRODUCTS (PRODUCTID,PRODUCTNAME,DESCRIPTION,STOCKQUANTITY,CATEGORYID,SUPPLIERID,PRODUCTIONDATE,EXPIRATIONDATE) values ('PR08','Chuối','Trái cây tươi',300,'CA01','SU04',to_date('01-APR-24','DD-MON-RR'),to_date('01-OCT-24','DD-MON-RR'));
Insert into QLST.PRODUCTS (PRODUCTID,PRODUCTNAME,DESCRIPTION,STOCKQUANTITY,CATEGORYID,SUPPLIERID,PRODUCTIONDATE,EXPIRATIONDATE) values ('PR09','Bánh mì nguyên cám','Bánh mì',100,'CA02','SU05',to_date('01-MAY-24','DD-MON-RR'),to_date('01-JUL-24','DD-MON-RR'));
Insert into QLST.PRODUCTS (PRODUCTID,PRODUCTNAME,DESCRIPTION,STOCKQUANTITY,CATEGORYID,SUPPLIERID,PRODUCTIONDATE,EXPIRATIONDATE) values ('PR10','Bánh Croissant','Bánh ngọt',100,'CA02','SU05',to_date('01-MAY-24','DD-MON-RR'),to_date('01-JUL-24','DD-MON-RR'));
Insert into QLST.PRODUCTS (PRODUCTID,PRODUCTNAME,DESCRIPTION,STOCKQUANTITY,CATEGORYID,SUPPLIERID,PRODUCTIONDATE,EXPIRATIONDATE) values ('PR11','Nước cam ép','Nước ép trái cây',120,'CA03','SU01',to_date('01-JAN-24','DD-MON-RR'),to_date('01-JAN-25','DD-MON-RR'));
Insert into QLST.PRODUCTS (PRODUCTID,PRODUCTNAME,DESCRIPTION,STOCKQUANTITY,CATEGORYID,SUPPLIERID,PRODUCTIONDATE,EXPIRATIONDATE) values ('PR12','Bia Tiger','Bia lon',80,'CA03','SU01',to_date('01-JAN-24','DD-MON-RR'),to_date('01-JAN-25','DD-MON-RR'));
Insert into QLST.PRODUCTS (PRODUCTID,PRODUCTNAME,DESCRIPTION,STOCKQUANTITY,CATEGORYID,SUPPLIERID,PRODUCTIONDATE,EXPIRATIONDATE) values ('PR13','Bim bim Oishi','Snack',200,'CA02','SU02',to_date('01-FEB-24','DD-MON-RR'),to_date('01-FEB-25','DD-MON-RR'));
Insert into QLST.PRODUCTS (PRODUCTID,PRODUCTNAME,DESCRIPTION,STOCKQUANTITY,CATEGORYID,SUPPLIERID,PRODUCTIONDATE,EXPIRATIONDATE) values ('PR14','Kẹo mút Chupa Chups','Kẹo que',250,'CA02','SU02',to_date('01-FEB-24','DD-MON-RR'),to_date('01-FEB-25','DD-MON-RR'));
Insert into QLST.PRODUCTS (PRODUCTID,PRODUCTNAME,DESCRIPTION,STOCKQUANTITY,CATEGORYID,SUPPLIERID,PRODUCTIONDATE,EXPIRATIONDATE) values ('PR15','Yogurt Vinamilk','Sữa chua',150,'CA03','SU03',to_date('01-MAR-24','DD-MON-RR'),to_date('01-MAR-25','DD-MON-RR'));
Insert into QLST.PRODUCTS (PRODUCTID,PRODUCTNAME,DESCRIPTION,STOCKQUANTITY,CATEGORYID,SUPPLIERID,PRODUCTIONDATE,EXPIRATIONDATE) values ('PR16','Sữa đậu nành Fami','Sữa',200,'CA03','SU03',to_date('01-MAR-24','DD-MON-RR'),to_date('01-MAR-25','DD-MON-RR'));
Insert into QLST.PRODUCTS (PRODUCTID,PRODUCTNAME,DESCRIPTION,STOCKQUANTITY,CATEGORYID,SUPPLIERID,PRODUCTIONDATE,EXPIRATIONDATE) values ('PR17','Cà rốt','Rau củ tươi',180,'CA01','SU04',to_date('01-APR-24','DD-MON-RR'),to_date('01-OCT-24','DD-MON-RR'));
Insert into QLST.PRODUCTS (PRODUCTID,PRODUCTNAME,DESCRIPTION,STOCKQUANTITY,CATEGORYID,SUPPLIERID,PRODUCTIONDATE,EXPIRATIONDATE) values ('PR18','Cải bó xôi','Rau củ tươi',150,'CA01','SU04',to_date('01-APR-24','DD-MON-RR'),to_date('01-OCT-24','DD-MON-RR'));
Insert into QLST.PRODUCTS (PRODUCTID,PRODUCTNAME,DESCRIPTION,STOCKQUANTITY,CATEGORYID,SUPPLIERID,PRODUCTIONDATE,EXPIRATIONDATE) values ('PR19','Bánh mì Baguette','Bánh mì baguette kiểu Pháp',100,'CA02','SU05',to_date('01-MAY-24','DD-MON-RR'),to_date('01-JUL-24','DD-MON-RR'));
Insert into QLST.PRODUCTS (PRODUCTID,PRODUCTNAME,DESCRIPTION,STOCKQUANTITY,CATEGORYID,SUPPLIERID,PRODUCTIONDATE,EXPIRATIONDATE) values ('PR20','Bánh Donut','Bánh ngọt',120,'CA02','SU05',to_date('01-MAY-24','DD-MON-RR'),to_date('01-JUL-24','DD-MON-RR'));
Insert into QLST.PRODUCTS (PRODUCTID,PRODUCTNAME,DESCRIPTION,STOCKQUANTITY,CATEGORYID,SUPPLIERID,PRODUCTIONDATE,EXPIRATIONDATE) values ('PR21','Nước ép táo','Nước ép trái cây',120,'CA03','SU01',to_date('01-JAN-24','DD-MON-RR'),to_date('01-JAN-25','DD-MON-RR'));
Insert into QLST.PRODUCTS (PRODUCTID,PRODUCTNAME,DESCRIPTION,STOCKQUANTITY,CATEGORYID,SUPPLIERID,PRODUCTIONDATE,EXPIRATIONDATE) values ('PR22','Bia Heineken','Bia lon',80,'CA03','SU01',to_date('01-JAN-24','DD-MON-RR'),to_date('01-JAN-25','DD-MON-RR'));
Insert into QLST.PRODUCTS (PRODUCTID,PRODUCTNAME,DESCRIPTION,STOCKQUANTITY,CATEGORYID,SUPPLIERID,PRODUCTIONDATE,EXPIRATIONDATE) values ('PR23','Snack Poca','Snack khoai tây',200,'CA02','SU02',to_date('01-FEB-24','DD-MON-RR'),to_date('01-FEB-25','DD-MON-RR'));
Insert into QLST.PRODUCTS (PRODUCTID,PRODUCTNAME,DESCRIPTION,STOCKQUANTITY,CATEGORYID,SUPPLIERID,PRODUCTIONDATE,EXPIRATIONDATE) values ('PR24','Kẹo sô cô la','Kẹo ngọt',150,'CA02','SU02',to_date('01-FEB-24','DD-MON-RR'),to_date('01-FEB-25','DD-MON-RR'));
Insert into QLST.PRODUCTS (PRODUCTID,PRODUCTNAME,DESCRIPTION,STOCKQUANTITY,CATEGORYID,SUPPLIERID,PRODUCTIONDATE,EXPIRATIONDATE) values ('PR25','Sữa chua nếp cẩm','Sữa chua',150,'CA03','SU03',to_date('01-MAR-24','DD-MON-RR'),to_date('01-MAR-25','DD-MON-RR'));
Insert into QLST.PRODUCTS (PRODUCTID,PRODUCTNAME,DESCRIPTION,STOCKQUANTITY,CATEGORYID,SUPPLIERID,PRODUCTIONDATE,EXPIRATIONDATE) values ('PR26','Sữa đậu phộng','Sữa',200,'CA03','SU03',to_date('01-MAR-24','DD-MON-RR'),to_date('01-MAR-25','DD-MON-RR'));
Insert into QLST.PRODUCTS (PRODUCTID,PRODUCTNAME,DESCRIPTION,STOCKQUANTITY,CATEGORYID,SUPPLIERID,PRODUCTIONDATE,EXPIRATIONDATE) values ('PR27','Bắp cải tím','Rau củ tươi',180,'CA01','SU04',to_date('01-APR-24','DD-MON-RR'),to_date('01-OCT-24','DD-MON-RR'));
Insert into QLST.PRODUCTS (PRODUCTID,PRODUCTNAME,DESCRIPTION,STOCKQUANTITY,CATEGORYID,SUPPLIERID,PRODUCTIONDATE,EXPIRATIONDATE) values ('PR28','Rau mùi','Rau thơm',200,'CA01','SU01',to_date('01-APR-24','DD-MON-RR'),to_date('01-OCT-24','DD-MON-RR'));
Insert into QLST.PRODUCTS (PRODUCTID,PRODUCTNAME,DESCRIPTION,STOCKQUANTITY,CATEGORYID,SUPPLIERID,PRODUCTIONDATE,EXPIRATIONDATE) values ('PR29','Bánh mì nướng bơ tỏi','Bánh mì',100,'CA02','SU05',to_date('01-MAY-24','DD-MON-RR'),to_date('01-JUL-24','DD-MON-RR'));
Insert into QLST.PRODUCTS (PRODUCTID,PRODUCTNAME,DESCRIPTION,STOCKQUANTITY,CATEGORYID,SUPPLIERID,PRODUCTIONDATE,EXPIRATIONDATE) values ('PR30','Bánh donut nhân kem','Bánh ngọt',100,'CA02','SU05',to_date('01-MAY-24','DD-MON-RR'),to_date('01-JUL-24','DD-MON-RR'));
Insert into QLST.PRODUCTS (PRODUCTID,PRODUCTNAME,DESCRIPTION,STOCKQUANTITY,CATEGORYID,SUPPLIERID,PRODUCTIONDATE,EXPIRATIONDATE) values ('PR31','Cà phê sữa','Đồ uống',120,'CA03','SU01',to_date('01-JAN-24','DD-MON-RR'),to_date('01-JAN-25','DD-MON-RR'));
Insert into QLST.PRODUCTS (PRODUCTID,PRODUCTNAME,DESCRIPTION,STOCKQUANTITY,CATEGORYID,SUPPLIERID,PRODUCTIONDATE,EXPIRATIONDATE) values ('PR32','Trà xanh C2','Đồ uống',150,'CA03','SU01',to_date('01-JAN-24','DD-MON-RR'),to_date('01-JAN-25','DD-MON-RR'));
Insert into QLST.PRODUCTS (PRODUCTID,PRODUCTNAME,DESCRIPTION,STOCKQUANTITY,CATEGORYID,SUPPLIERID,PRODUCTIONDATE,EXPIRATIONDATE) values ('PR33','Bánh quy AFC','Bánh quy',200,'CA02','SU02',to_date('01-FEB-24','DD-MON-RR'),to_date('01-FEB-25','DD-MON-RR'));
Insert into QLST.PRODUCTS (PRODUCTID,PRODUCTNAME,DESCRIPTION,STOCKQUANTITY,CATEGORYID,SUPPLIERID,PRODUCTIONDATE,EXPIRATIONDATE) values ('PR34','Kẹo bạc hà Mentos','Kẹo bạc hà',150,'CA02','SU02',to_date('01-FEB-24','DD-MON-RR'),to_date('01-FEB-25','DD-MON-RR'));
Insert into QLST.PRODUCTS (PRODUCTID,PRODUCTNAME,DESCRIPTION,STOCKQUANTITY,CATEGORYID,SUPPLIERID,PRODUCTIONDATE,EXPIRATIONDATE) values ('PR35','Sữa đậu nành Vinasoy','Sữa',200,'CA03','SU03',to_date('01-MAR-24','DD-MON-RR'),to_date('01-MAR-25','DD-MON-RR'));
Insert into QLST.PRODUCTS (PRODUCTID,PRODUCTNAME,DESCRIPTION,STOCKQUANTITY,CATEGORYID,SUPPLIERID,PRODUCTIONDATE,EXPIRATIONDATE) values ('PR36','Sữa hạnh nhân','Sữa',150,'CA03','SU03',to_date('01-MAR-24','DD-MON-RR'),to_date('01-MAR-25','DD-MON-RR'));
Insert into QLST.PRODUCTS (PRODUCTID,PRODUCTNAME,DESCRIPTION,STOCKQUANTITY,CATEGORYID,SUPPLIERID,PRODUCTIONDATE,EXPIRATIONDATE) values ('PR37','Dưa leo','Rau củ tươi',250,'CA01','SU04',to_date('01-APR-24','DD-MON-RR'),to_date('01-OCT-24','DD-MON-RR'));
Insert into QLST.PRODUCTS (PRODUCTID,PRODUCTNAME,DESCRIPTION,STOCKQUANTITY,CATEGORYID,SUPPLIERID,PRODUCTIONDATE,EXPIRATIONDATE) values ('PR38','Ớt chuông đỏ','Rau củ tươi',180,'CA01','SU04',to_date('01-APR-24','DD-MON-RR'),to_date('01-OCT-24','DD-MON-RR'));
REM INSERTING into QLST.PURCHASEORDERDETAILS
SET DEFINE OFF;
Insert into QLST.PURCHASEORDERDETAILS (QUANTITY,LINETOTAL,PURCHASEORDERID,PRODUCTID) values (100,500000,'PU01','PR01');
Insert into QLST.PURCHASEORDERDETAILS (QUANTITY,LINETOTAL,PURCHASEORDERID,PRODUCTID) values (120,700000,'PU01','PR02');
Insert into QLST.PURCHASEORDERDETAILS (QUANTITY,LINETOTAL,PURCHASEORDERID,PRODUCTID) values (150,120000,'PU01','PR03');
Insert into QLST.PURCHASEORDERDETAILS (QUANTITY,LINETOTAL,PURCHASEORDERID,PRODUCTID) values (120,605000,'PU02','PR04');
Insert into QLST.PURCHASEORDERDETAILS (QUANTITY,LINETOTAL,PURCHASEORDERID,PRODUCTID) values (180,800000,'PU02','PR05');
Insert into QLST.PURCHASEORDERDETAILS (QUANTITY,LINETOTAL,PURCHASEORDERID,PRODUCTID) values (140,1100000,'PU02','PR06');
Insert into QLST.PURCHASEORDERDETAILS (QUANTITY,LINETOTAL,PURCHASEORDERID,PRODUCTID) values (125,750000,'PU03','PR07');
Insert into QLST.PURCHASEORDERDETAILS (QUANTITY,LINETOTAL,PURCHASEORDERID,PRODUCTID) values (122,950000,'PU03','PR08');
Insert into QLST.PURCHASEORDERDETAILS (QUANTITY,LINETOTAL,PURCHASEORDERID,PRODUCTID) values (130,1005000,'PU03','PR09');
Insert into QLST.PURCHASEORDERDETAILS (QUANTITY,LINETOTAL,PURCHASEORDERID,PRODUCTID) values (180,670000,'PU04','PR10');
Insert into QLST.PURCHASEORDERDETAILS (QUANTITY,LINETOTAL,PURCHASEORDERID,PRODUCTID) values (160,780000,'PU04','PR11');
Insert into QLST.PURCHASEORDERDETAILS (QUANTITY,LINETOTAL,PURCHASEORDERID,PRODUCTID) values (121,1150000,'PU04','PR12');
Insert into QLST.PURCHASEORDERDETAILS (QUANTITY,LINETOTAL,PURCHASEORDERID,PRODUCTID) values (170,5400000,'PU05','PR13');
Insert into QLST.PURCHASEORDERDETAILS (QUANTITY,LINETOTAL,PURCHASEORDERID,PRODUCTID) values (190,990000,'PU05','PR14');
Insert into QLST.PURCHASEORDERDETAILS (QUANTITY,LINETOTAL,PURCHASEORDERID,PRODUCTID) values (83,1300000,'PU05','PR15');
Insert into QLST.PURCHASEORDERDETAILS (QUANTITY,LINETOTAL,PURCHASEORDERID,PRODUCTID) values (100,760000,'PU01','PR16');
Insert into QLST.PURCHASEORDERDETAILS (QUANTITY,LINETOTAL,PURCHASEORDERID,PRODUCTID) values (150,850000,'PU01','PR17');
Insert into QLST.PURCHASEORDERDETAILS (QUANTITY,LINETOTAL,PURCHASEORDERID,PRODUCTID) values (130,920000,'PU01','PR18');
Insert into QLST.PURCHASEORDERDETAILS (QUANTITY,LINETOTAL,PURCHASEORDERID,PRODUCTID) values (140,610000,'PU02','PR19');
Insert into QLST.PURCHASEORDERDETAILS (QUANTITY,LINETOTAL,PURCHASEORDERID,PRODUCTID) values (170,890000,'PU02','PR20');
Insert into QLST.PURCHASEORDERDETAILS (QUANTITY,LINETOTAL,PURCHASEORDERID,PRODUCTID) values (120,960000,'PU02','PR21');
Insert into QLST.PURCHASEORDERDETAILS (QUANTITY,LINETOTAL,PURCHASEORDERID,PRODUCTID) values (125,1050000,'PU03','PR22');
Insert into QLST.PURCHASEORDERDETAILS (QUANTITY,LINETOTAL,PURCHASEORDERID,PRODUCTID) values (110,620000,'PU03','PR23');
Insert into QLST.PURCHASEORDERDETAILS (QUANTITY,LINETOTAL,PURCHASEORDERID,PRODUCTID) values (135,830000,'PU03','PR24');
Insert into QLST.PURCHASEORDERDETAILS (QUANTITY,LINETOTAL,PURCHASEORDERID,PRODUCTID) values (120,540000,'PU04','PR25');
Insert into QLST.PURCHASEORDERDETAILS (QUANTITY,LINETOTAL,PURCHASEORDERID,PRODUCTID) values (150,710000,'PU04','PR26');
Insert into QLST.PURCHASEORDERDETAILS (QUANTITY,LINETOTAL,PURCHASEORDERID,PRODUCTID) values (110,940000,'PU04','PR27');
Insert into QLST.PURCHASEORDERDETAILS (QUANTITY,LINETOTAL,PURCHASEORDERID,PRODUCTID) values (100,870000,'PU05','PR28');
Insert into QLST.PURCHASEORDERDETAILS (QUANTITY,LINETOTAL,PURCHASEORDERID,PRODUCTID) values (140,650000,'PU05','PR29');
Insert into QLST.PURCHASEORDERDETAILS (QUANTITY,LINETOTAL,PURCHASEORDERID,PRODUCTID) values (130,780000,'PU05','PR30');
Insert into QLST.PURCHASEORDERDETAILS (QUANTITY,LINETOTAL,PURCHASEORDERID,PRODUCTID) values (110,720000,'PU01','PR31');
Insert into QLST.PURCHASEORDERDETAILS (QUANTITY,LINETOTAL,PURCHASEORDERID,PRODUCTID) values (100,820000,'PU01','PR32');
Insert into QLST.PURCHASEORDERDETAILS (QUANTITY,LINETOTAL,PURCHASEORDERID,PRODUCTID) values (120,640000,'PU02','PR33');
Insert into QLST.PURCHASEORDERDETAILS (QUANTITY,LINETOTAL,PURCHASEORDERID,PRODUCTID) values (130,760000,'PU02','PR34');
Insert into QLST.PURCHASEORDERDETAILS (QUANTITY,LINETOTAL,PURCHASEORDERID,PRODUCTID) values (140,830000,'PU03','PR35');
Insert into QLST.PURCHASEORDERDETAILS (QUANTITY,LINETOTAL,PURCHASEORDERID,PRODUCTID) values (110,710000,'PU03','PR36');
Insert into QLST.PURCHASEORDERDETAILS (QUANTITY,LINETOTAL,PURCHASEORDERID,PRODUCTID) values (150,940000,'PU04','PR37');
Insert into QLST.PURCHASEORDERDETAILS (QUANTITY,LINETOTAL,PURCHASEORDERID,PRODUCTID) values (130,650000,'PU04','PR38');
REM INSERTING into QLST.PURCHASEORDERS
SET DEFINE OFF;
Insert into QLST.PURCHASEORDERS (PURCHASEORDERID,CREATEDATE,TOTALAMOUNT,SUPPLIERID,STAFFID) values ('PU01',to_date('21-FEB-23','DD-MON-RR'),2205000,'SU01','ST05');
Insert into QLST.PURCHASEORDERS (PURCHASEORDERID,CREATEDATE,TOTALAMOUNT,SUPPLIERID,STAFFID) values ('PU02',to_date('28-FEB-23','DD-MON-RR'),1070000,'SU02','ST05');
Insert into QLST.PURCHASEORDERS (PURCHASEORDERID,CREATEDATE,TOTALAMOUNT,SUPPLIERID,STAFFID) values ('PU03',to_date('20-MAR-23','DD-MON-RR'),6005000,'SU03','ST05');
Insert into QLST.PURCHASEORDERS (PURCHASEORDERID,CREATEDATE,TOTALAMOUNT,SUPPLIERID,STAFFID) values ('PU04',to_date('28-APR-23','DD-MON-RR'),1868000,'SU04','ST02');
Insert into QLST.PURCHASEORDERS (PURCHASEORDERID,CREATEDATE,TOTALAMOUNT,SUPPLIERID,STAFFID) values ('PU05',to_date('28-FEB-24','DD-MON-RR'),1127500,'SU05','ST02');
REM INSERTING into QLST.SALARYHISTORIES
SET DEFINE OFF;
Insert into QLST.SALARYHISTORIES (SALARYID,SALARY,STARTDATE,ENDDATE,STAFFID,JOBID) values ('SA11',7000000,to_date('06-MAR-24','DD-MON-RR'),to_date('06-APR-24','DD-MON-RR'),'ST06','J01');
Insert into QLST.SALARYHISTORIES (SALARYID,SALARY,STARTDATE,ENDDATE,STAFFID,JOBID) values ('SA12',6000000,to_date('07-APR-24','DD-MON-RR'),null,'ST06','J01');
Insert into QLST.SALARYHISTORIES (SALARYID,SALARY,STARTDATE,ENDDATE,STAFFID,JOBID) values ('SA13',6500000,to_date('06-MAR-24','DD-MON-RR'),to_date('06-APR-24','DD-MON-RR'),'ST07','J01');
Insert into QLST.SALARYHISTORIES (SALARYID,SALARY,STARTDATE,ENDDATE,STAFFID,JOBID) values ('SA14',5000000,to_date('07-APR-24','DD-MON-RR'),null,'ST07','J01');
Insert into QLST.SALARYHISTORIES (SALARYID,SALARY,STARTDATE,ENDDATE,STAFFID,JOBID) values ('SA01',7000000,to_date('01-JAN-24','DD-MON-RR'),to_date('01-FEB-24','DD-MON-RR'),'ST01','J01');
Insert into QLST.SALARYHISTORIES (SALARYID,SALARY,STARTDATE,ENDDATE,STAFFID,JOBID) values ('SA02',6500000,to_date('02-FEB-24','DD-MON-RR'),null,'ST01','J01');
Insert into QLST.SALARYHISTORIES (SALARYID,SALARY,STARTDATE,ENDDATE,STAFFID,JOBID) values ('SA03',7500000,to_date('02-MAR-24','DD-MON-RR'),to_date('02-APR-24','DD-MON-RR'),'ST02','J02');
Insert into QLST.SALARYHISTORIES (SALARYID,SALARY,STARTDATE,ENDDATE,STAFFID,JOBID) values ('SA04',4500000,to_date('03-MAY-24','DD-MON-RR'),null,'ST02','J02');
Insert into QLST.SALARYHISTORIES (SALARYID,SALARY,STARTDATE,ENDDATE,STAFFID,JOBID) values ('SA05',5500000,to_date('03-MAY-24','DD-MON-RR'),to_date('03-JUL-24','DD-MON-RR'),'ST03','J03');
Insert into QLST.SALARYHISTORIES (SALARYID,SALARY,STARTDATE,ENDDATE,STAFFID,JOBID) values ('SA06',5800000,to_date('04-JUN-24','DD-MON-RR'),null,'ST03','J03');
Insert into QLST.SALARYHISTORIES (SALARYID,SALARY,STARTDATE,ENDDATE,STAFFID,JOBID) values ('SA07',6000000,to_date('04-JUN-24','DD-MON-RR'),to_date('04-JUL-24','DD-MON-RR'),'ST04','J04');
Insert into QLST.SALARYHISTORIES (SALARYID,SALARY,STARTDATE,ENDDATE,STAFFID,JOBID) values ('SA08',4500000,to_date('05-JUL-24','DD-MON-RR'),null,'ST04','J04');
Insert into QLST.SALARYHISTORIES (SALARYID,SALARY,STARTDATE,ENDDATE,STAFFID,JOBID) values ('SA09',7500000,to_date('05-MAR-24','DD-MON-RR'),to_date('05-APR-24','DD-MON-RR'),'ST05','J05');
Insert into QLST.SALARYHISTORIES (SALARYID,SALARY,STARTDATE,ENDDATE,STAFFID,JOBID) values ('SA10',8000000,to_date('06-APR-24','DD-MON-RR'),null,'ST05','J05');
REM INSERTING into QLST.STAFFS
SET DEFINE OFF;
Insert into QLST.STAFFS (STAFFID,STAFFNAME,DATEOFBIRTH,PHONENUMBER,EMAIL,STARTDATE,ENDDATE,ADDRESS,SALARYINCREMENT) values ('ST06','Phạm Thu Trang',to_date('16-MAY-04','DD-MON-RR'),'0987432362','thutang@gmail.com',to_date('06-MAR-24','DD-MON-RR'),null,'Hà Nam',null);
Insert into QLST.STAFFS (STAFFID,STAFFNAME,DATEOFBIRTH,PHONENUMBER,EMAIL,STARTDATE,ENDDATE,ADDRESS,SALARYINCREMENT) values ('ST07','Phạm Phương Huy',to_date('17-MAY-04','DD-MON-RR'),'0868123987','huypham@gmail.com',to_date('06-MAR-24','DD-MON-RR'),null,'Thái Nguyên',null);
Insert into QLST.STAFFS (STAFFID,STAFFNAME,DATEOFBIRTH,PHONENUMBER,EMAIL,STARTDATE,ENDDATE,ADDRESS,SALARYINCREMENT) values ('ST01','Đặng Quốc Nam',to_date('19-NOV-03','DD-MON-RR'),'0868516858','dangquocnam1119@gmail.com',to_date('01-JAN-24','DD-MON-RR'),null,'Hà Nội',10);
Insert into QLST.STAFFS (STAFFID,STAFFNAME,DATEOFBIRTH,PHONENUMBER,EMAIL,STARTDATE,ENDDATE,ADDRESS,SALARYINCREMENT) values ('ST02','Nguyễn Văn Hoàn',to_date('08-FEB-04','DD-MON-RR'),'0973379333','hoan123@gmail.com',to_date('02-MAR-24','DD-MON-RR'),null,'Hà Nội',null);
Insert into QLST.STAFFS (STAFFID,STAFFNAME,DATEOFBIRTH,PHONENUMBER,EMAIL,STARTDATE,ENDDATE,ADDRESS,SALARYINCREMENT) values ('ST03','Ngô Văn Quang',to_date('09-APR-04','DD-MON-RR'),'0868456789','quangngo@gmail.com',to_date('03-MAY-24','DD-MON-RR'),null,'Bắc Ninh',null);
Insert into QLST.STAFFS (STAFFID,STAFFNAME,DATEOFBIRTH,PHONENUMBER,EMAIL,STARTDATE,ENDDATE,ADDRESS,SALARYINCREMENT) values ('ST04','Phạm Hoàng Việt',to_date('03-JUN-04','DD-MON-RR'),'0384812345','viethoang@gmail.com',to_date('04-JUL-24','DD-MON-RR'),null,'Hà Nội',null);
Insert into QLST.STAFFS (STAFFID,STAFFNAME,DATEOFBIRTH,PHONENUMBER,EMAIL,STARTDATE,ENDDATE,ADDRESS,SALARYINCREMENT) values ('ST05','Nguyễn Đắc Anh',to_date('12-MAY-04','DD-MON-RR'),'0998234789','dacanh@gmail.com',to_date('05-MAR-24','DD-MON-RR'),null,'Hà Tĩnh',null);
REM INSERTING into QLST.SUPPLIERS
SET DEFINE OFF;
Insert into QLST.SUPPLIERS (SUPPLIERID,SUPPLIERNAME,PHONENUMBER,EMAIL,ADDRESS,NOTE) values ('SU01','Nhà cung cấp A','0123-456-789','nccA@gmail.com','Hà Nội','Nhà cung cấp chính cho đồ uống');
Insert into QLST.SUPPLIERS (SUPPLIERID,SUPPLIERNAME,PHONENUMBER,EMAIL,ADDRESS,NOTE) values ('SU02','Nhà cung cấp B','0234-567-890','nccB@gmail.com','Đà Lạt','Nhà cung cấp chính cho bánh kẹo');
Insert into QLST.SUPPLIERS (SUPPLIERID,SUPPLIERNAME,PHONENUMBER,EMAIL,ADDRESS,NOTE) values ('SU03','Nhà cung cấp C','0345-678-901','nccC@gmail.com','Bắc Ninh','Nhà cung cấp chính cho sữa');
Insert into QLST.SUPPLIERS (SUPPLIERID,SUPPLIERNAME,PHONENUMBER,EMAIL,ADDRESS,NOTE) values ('SU04','Nhà cung cấp D','0456-789-012','nccD@gmail.com','Hà Nội','Nhà cung cấp chính cho rau củ');
Insert into QLST.SUPPLIERS (SUPPLIERID,SUPPLIERNAME,PHONENUMBER,EMAIL,ADDRESS,NOTE) values ('SU05','Nhà cung cấp E','0567-890-123','nccE@gmail.com','Bắc Ninh','Nhà cung cấp chính cho bánh mì');
Insert into QLST.SUPPLIERS (SUPPLIERID,SUPPLIERNAME,PHONENUMBER,EMAIL,ADDRESS,NOTE) values ('SU06','Nhà cung cấp F','0678-901-234','nccF@gmail.com','Vĩnh Phúc','Nhà cung cấp chính cho đồ chơi');
Insert into QLST.SUPPLIERS (SUPPLIERID,SUPPLIERNAME,PHONENUMBER,EMAIL,ADDRESS,NOTE) values ('SU07','Nhà cung cấp G','0789-012-345','nccG@gmail.com','Quảng Ninh','Nhà cung cấp chính cho thực phẩm tươi');
Insert into QLST.SUPPLIERS (SUPPLIERID,SUPPLIERNAME,PHONENUMBER,EMAIL,ADDRESS,NOTE) values ('SU08','Nhà cung cấp H','0890-123-456','nccH@gmail.com','Hà Nội','Nhà cung cấp chính cho đồ điện tử');
REM INSERTING into QLST.USERS
SET DEFINE OFF;
Insert into QLST.USERS (USERID,USERNAME,PASSWORD,ROLE,EMAIL,LASTLOGIN) values ('U001','ngovanquang','abc123','User','ngovanquang@gmail.com',to_date('26-OCT-24','DD-MON-RR'));
Insert into QLST.USERS (USERID,USERNAME,PASSWORD,ROLE,EMAIL,LASTLOGIN) values ('U002','ngovannam','abc123','User','ngovannam@gmail.com',to_date('26-OCT-24','DD-MON-RR'));
Insert into QLST.USERS (USERID,USERNAME,PASSWORD,ROLE,EMAIL,LASTLOGIN) values ('U003','quocnam2003','abc123','Admin','quocnam2003@gmail.com',to_date('25-OCT-24','DD-MON-RR'));
Insert into QLST.USERS (USERID,USERNAME,PASSWORD,ROLE,EMAIL,LASTLOGIN) values ('U004','namdang','abc123','Admin','namdang@gmail.com',to_date('17-OCT-24','DD-MON-RR'));
Insert into QLST.USERS (USERID,USERNAME,PASSWORD,ROLE,EMAIL,LASTLOGIN) values ('U005','vanhoan04','abc123','User','vanhoan04@gmail.com',to_date('26-OCT-24','DD-MON-RR'));
Insert into QLST.USERS (USERID,USERNAME,PASSWORD,ROLE,EMAIL,LASTLOGIN) values ('U006','viethoang','abc123','User','viethoang@gmail.com',to_date('01-OCT-24','DD-MON-RR'));
